,trip_distance_km,time_of_day,day_of_week,traffic_conditions,weather,base_fare,per_km_rate,per_minute_rate,trip_duration_minutes,trip_price
0,19.35,Morning,Weekday,Low,Clear,3.56,0.8,0.32,53.82,36.2624
2,36.87,Evening,Weekend,High,Clear,2.7,1.21,0.15,37.27,52.9032
3,30.33,Evening,Weekday,Low,,3.48,0.51,0.15,116.81,36.4698
5,8.64,Afternoon,Weekend,Medium,Clear,2.55,1.71,0.48,89.33,60.2028
6,3.85,Afternoon,Weekday,High,Rain,3.51,1.66,,5.05,11.2645
12,41.79,Night,Weekend,High,Clear,4.6,1.77,0.11,86.95,88.13279999999999
13,11.4,Morning,Weekday,,Clear,4.12,,0.15,84.12,36.118
14,9.91,Evening,Weekday,High,Clear,2.32,1.26,0.34,41.72,28.9914
15,9.99,Night,Weekday,High,Clear,4.33,0.85,0.43,34.0,27.4415
16,15.91,Morning,Weekday,Low,Clear,4.42,1.77,0.21,114.93,56.716
17,26.71,Afternoon,Weekend,Low,Rain,4.3,1.59,0.2,111.18,69.0049
18,22.17,Night,,Low,Clear,2.34,1.97,0.41,57.59,69.6268
20,30.98,Afternoon,Weekend,Low,Rain,4.5,0.84,0.25,57.02,44.7782
21,7.84,Morning,Weekday,Medium,,3.73,0.82,0.3,53.8,26.2988
23,18.95,Night,Weekday,Low,Clear,3.38,0.78,0.39,54.04,39.2366
24,23.35,Night,,Low,Rain,3.59,0.6,0.24,66.8,33.632000000000005
25,39.47,Afternoon,Weekday,Low,Clear,,,0.35,7.59,83.69649999999999
26,10.78,Evening,,High,Rain,3.92,0.54,0.33,56.07,28.2443
28,30.03,,Weekday,High,Clear,3.31,1.05,0.36,83.21,64.7971
29,3.28,Evening,Weekday,Medium,Clear,2.88,1.76,0.2,78.04,24.260800000000003
30,30.77,Morning,Weekday,Low,Clear,3.64,1.33,0.13,109.6,58.8121
31,9.36,Afternoon,Weekday,Medium,Clear,2.4,1.85,0.15,7.07,20.7765
33,47.5,Morning,Weekend,Low,Clear,4.39,0.51,0.3,95.55,57.28
34,48.32,Morning,Weekday,Low,Clear,2.49,0.61,0.44,67.25,61.5552
35,40.61,Afternoon,Weekday,Low,Clear,2.31,0.88,0.38,42.25,54.1018
36,15.93,Afternoon,Weekday,Low,,2.44,1.5,0.42,20.67,35.016400000000004
37,5.79,Evening,Weekday,Low,Clear,4.63,1.83,0.24,107.07,40.9225
38,34.53,Morning,Weekday,Medium,Clear,3.58,,0.26,59.14,60.0471
39,22.57,Afternoon,Weekday,Low,Clear,3.4,1.41,,105.98,62.77850000000001
40,6.98,Afternoon,Weekend,Low,Clear,2.32,0.78,0.18,72.37,20.791
41,25.26,Evening,Weekday,High,Clear,3.95,1.71,0.12,82.53,57.0482
42,2.69,Afternoon,Weekday,Low,Clear,4.6,1.95,0.34,97.49,42.9921
43,45.56,Afternoon,Weekday,Low,Clear,,0.9,0.5,80.8,85.88400000000001
44,13.68,Evening,Weekend,High,Clear,3.88,,0.17,50.78,29.4758
45,33.46,Afternoon,Weekend,Low,Rain,2.23,0.63,0.12,64.07,30.9982
46,16.27,Morning,Weekday,Low,Clear,2.34,,0.41,97.35,64.05529999999999
47,26.48,Morning,Weekend,Medium,Clear,2.15,1.25,0.2,47.97,44.844
48,27.79,Evening,Weekday,Low,Clear,2.77,0.72,0.43,49.63,44.1197
49,10.06,Morning,Weekday,Medium,Rain,2.41,1.16,0.38,16.0,20.1596
50,48.51,Evening,Weekday,High,Rain,,1.0,0.48,110.18,104.1764
51,38.98,Afternoon,Weekday,Low,Clear,3.16,1.28,0.26,15.47,57.0766
52,47.04,Night,Weekday,Medium,,4.83,1.38,0.36,79.54,98.3796
53,44.85,Evening,Weekend,Medium,Rain,3.83,0.51,0.29,52.52,41.9343
54,30.3,Night,Weekend,Low,Clear,4.5,1.64,0.35,51.65,72.2695
55,46.17,Afternoon,Weekday,Medium,Clear,4.13,1.57,0.28,83.15,99.8989
56,5.34,,Weekday,Low,Clear,2.34,,0.18,12.72,10.2366
57,10.6,Afternoon,Weekday,Medium,Clear,4.21,,0.3,73.28,32.342
58,3.22,Afternoon,Weekday,Low,Rain,2.83,1.63,0.31,93.78,37.1504
59,16.94,Afternoon,Weekday,Medium,Snow,3.92,1.93,0.42,100.24,78.715
60,20.05,Evening,,Low,,3.02,0.86,0.39,24.61,29.8609
61,14.3,Night,Weekday,High,Clear,4.99,0.99,0.37,108.2,59.181
63,18.48,Afternoon,Weekday,Medium,Clear,2.84,1.37,0.39,106.41,69.6575
65,27.59,Evening,Weekend,Medium,Rain,2.07,1.03,0.46,67.33,61.459500000000006
66,7.91,Morning,Weekday,Medium,Clear,4.09,1.55,0.47,110.69,68.3748
67,40.31,Morning,Weekday,Medium,Clear,4.18,1.34,0.12,108.49,71.2142
68,4.65,Afternoon,Weekday,Medium,,4.51,1.08,0.43,56.54,33.8442
69,49.36,Morning,,High,Rain,4.92,1.13,0.12,36.56,65.084
70,38.84,Morning,Weekend,Low,Clear,4.93,1.34,0.25,50.21,69.52810000000001
71,10.74,Morning,,Medium,Clear,2.2,0.51,0.32,49.59,23.5462
72,1.27,Morning,Weekday,High,Clear,4.47,0.62,0.16,37.99,11.3358
73,40.96,Morning,Weekend,High,,3.94,1.82,0.4,35.89,92.8432
74,35.64,Night,Weekend,High,Rain,3.94,0.62,0.1,104.02,36.4388
75,36.72,,Weekend,Low,Clear,2.39,1.56,0.17,13.03,61.8883
76,38.79,Afternoon,Weekday,Low,Clear,3.95,1.88,0.33,82.93,104.2421
77,4.63,Afternoon,Weekday,Medium,Clear,4.95,0.91,0.39,24.87,18.8626
78,18.56,Morning,Weekend,Medium,Snow,4.74,,0.47,44.62,45.385000000000005
79,6.68,Night,Weekend,Medium,Clear,3.32,1.35,0.38,12.08,16.9284
80,43.29,Evening,Weekday,Medium,Rain,2.12,1.82,0.37,36.05,94.2463
81,31.54,Morning,Weekday,High,Clear,3.09,1.91,0.26,93.37,87.6076
82,17.21,Afternoon,Weekday,Low,Rain,4.48,1.61,0.1,106.78,42.8661
83,4.11,Evening,Weekend,High,Rain,4.1,0.63,0.15,30.48,11.2613
85,16.93,Afternoon,Weekday,Low,Snow,2.17,1.12,0.37,59.09,42.9949
86,36.75,Afternoon,Weekday,Medium,Clear,3.28,1.21,0.27,105.46,76.2217
88,44.47,Night,Weekend,Low,Clear,4.79,0.79,0.31,64.0,59.761300000000006
89,24.14,Morning,Weekday,Low,,3.92,1.69,,82.14,55.3948
90,6.86,Night,Weekend,High,Clear,2.93,1.18,0.18,102.45,29.4658
91,35.95,Afternoon,Weekend,Low,Clear,3.58,0.95,0.44,6.1,40.4165
92,38.28,Afternoon,Weekday,Medium,Clear,,1.08,0.39,51.33,63.56110000000001
93,28.5,Afternoon,Weekday,Medium,Clear,4.92,1.78,0.46,109.33,105.9418
96,26.61,Morning,Weekday,Low,Rain,3.07,0.68,0.18,65.91,33.0286
97,21.95,Morning,Weekday,Medium,Clear,4.05,0.88,0.1,44.99,27.865
99,6.29,Afternoon,Weekday,,Clear,4.15,1.37,0.21,80.37,29.645000000000003
100,2.54,Morning,Weekend,Low,Clear,2.8,1.3,0.37,53.11,25.7527
101,32.18,Night,Weekday,Medium,Rain,2.95,1.39,0.17,87.13,62.4923
102,16.4,Evening,Weekday,,Rain,2.38,1.05,0.33,104.04,53.9332
103,25.92,Night,Weekday,Low,Clear,3.97,1.71,0.46,22.79,58.7766
104,45.47,Night,Weekend,Low,Rain,2.12,1.28,0.23,56.93,73.4155
105,13.22,Morning,Weekday,Low,Rain,3.79,0.68,0.37,51.92,31.99
106,21.11,Afternoon,Weekend,High,Rain,4.61,0.69,0.18,84.06,34.3067
107,38.02,Evening,,,Clear,,1.31,0.35,33.73,66.2817
112,46.56,Morning,Weekday,Low,Clear,4.46,0.87,0.46,119.21,99.8038
113,40.6,Afternoon,Weekend,Medium,Clear,2.73,0.55,0.26,17.2,29.532000000000004
114,32.04,Afternoon,Weekday,Low,Clear,3.26,0.65,0.2,31.8,30.446
115,43.7,,Weekday,Low,Clear,4.52,1.59,0.28,114.29,106.0042
116,40.38,Morning,Weekday,Medium,Rain,,0.8,0.23,115.21,63.432300000000005
117,10.14,Evening,Weekday,High,Rain,2.73,1.06,0.4,16.24,19.974400000000003
118,44.74,,Weekday,Medium,Clear,3.65,1.25,0.49,6.72,62.8678
119,27.43,Morning,Weekend,Low,Rain,2.58,1.59,0.28,23.53,52.7821
120,40.56,Evening,Weekend,Medium,Rain,2.31,0.67,0.44,119.54,82.0828
121,44.91,Night,Weekday,Low,Rain,4.73,1.11,0.33,25.7,63.0611
123,6.39,Evening,Weekday,High,Clear,4.28,1.31,0.38,102.57,51.6275
124,12.17,Afternoon,Weekend,Low,Rain,2.15,1.73,0.31,7.35,25.4826
125,21.93,Afternoon,,Low,,4.53,0.76,,74.52,48.024
126,41.08,Morning,,Low,,3.31,1.71,0.46,36.86,90.5124
127,43.18,Afternoon,Weekday,High,Clear,3.03,1.54,,104.17,98.6948
128,1.34,,Weekend,Medium,Clear,3.64,1.33,0.46,37.6,22.718200000000003
129,26.03,Morning,Weekday,Medium,Clear,2.27,1.55,0.4,83.98,76.20850000000002
130,21.45,Evening,Weekday,Medium,Clear,4.27,1.12,0.3,82.54,53.056
131,11.88,Afternoon,Weekday,,,3.75,0.71,0.34,30.47,22.544600000000003
132,6.87,Morning,Weekday,Medium,Rain,2.56,1.5,0.23,9.0,14.935
133,17.54,Morning,Weekday,Low,Rain,2.56,1.29,0.49,52.06,50.696
135,16.84,Morning,Weekend,Medium,Snow,2.17,1.01,0.12,98.03,30.942000000000004
136,26.42,Evening,Weekday,High,Clear,3.76,1.86,0.23,97.04,75.22040000000001
138,18.82,Afternoon,Weekday,Low,Rain,2.05,0.63,0.12,74.75,22.8766
139,48.62,Afternoon,Weekend,Low,Rain,2.15,1.17,0.11,74.49,67.2293
140,48.16,,Weekend,,Rain,3.72,1.63,0.28,100.12,110.2544
143,15.74,Afternoon,Weekday,,Clear,3.05,1.84,0.21,35.48,39.4624
144,14.96,Morning,Weekday,Medium,Rain,3.79,0.9,0.17,66.66,28.5862
145,2.81,Evening,Weekend,Low,Rain,2.82,1.12,0.38,56.65,27.4942
146,30.87,Evening,Weekday,Medium,Clear,2.08,1.85,0.31,55.61,76.4286
147,25.63,Afternoon,Weekday,Medium,Clear,4.21,,0.18,15.48,54.1556
148,3.52,Evening,Weekday,Medium,Rain,3.88,1.53,0.23,87.64,29.4228
149,14.65,Evening,Weekend,High,Clear,3.74,1.79,,29.58,40.020700000000005
150,45.51,Evening,Weekday,Medium,Clear,4.23,0.63,0.13,27.65,36.4958
151,12.74,Evening,Weekday,Low,Rain,4.03,1.8,0.16,52.47,35.357200000000006
152,8.1,Afternoon,Weekend,High,Clear,2.62,0.98,0.13,31.19,14.6127
153,24.98,Afternoon,Weekend,Low,Rain,3.06,0.77,0.42,72.14,52.5934
154,49.3,Afternoon,Weekday,Low,Clear,2.38,0.86,0.4,47.72,63.866
155,12.86,Evening,Weekday,Low,Clear,2.39,1.13,0.4,56.62,39.5698
156,33.93,Morning,Weekday,Low,Rain,,0.88,0.39,66.77,59.92869999999999
157,38.32,Evening,Weekday,Medium,Clear,4.58,0.98,0.37,28.41,52.6453
158,12.64,Evening,Weekday,Medium,Clear,,0.7,0.29,22.91,20.3819
159,36.68,,Weekend,High,Rain,3.89,0.94,0.36,106.25,76.6192
160,19.02,Evening,Weekday,Medium,Clear,2.55,1.36,0.12,54.88,35.0028
161,31.98,Morning,,Medium,Clear,2.32,1.16,0.35,52.39,57.7533
162,32.04,,Weekday,Low,Clear,4.44,1.02,0.41,9.1,40.8518
164,5.42,Morning,Weekday,Medium,Rain,3.85,1.84,0.24,68.73,30.318
165,41.93,Evening,Weekend,Medium,Rain,4.34,1.64,0.21,69.27,87.6519
168,3.0,Morning,Weekday,Low,Clear,2.17,0.73,0.45,34.01,19.6645
169,29.95,Morning,Weekday,Medium,Clear,4.24,0.7,0.24,98.23,48.7802
170,34.2,,Weekday,Low,Clear,4.55,1.02,0.41,113.92,86.1412
171,1.81,Night,Weekday,Low,Rain,2.86,1.71,0.32,20.63,12.5567
172,26.09,,Weekday,Medium,Rain,3.92,0.87,0.45,62.23,54.62179999999999
174,32.61,Afternoon,,Medium,Clear,,0.7,0.31,11.91,31.3891
175,9.54,Afternoon,Weekend,,Rain,2.1,1.79,0.33,42.43,33.1785
176,34.86,Evening,Weekday,Low,Clear,3.74,1.45,0.4,21.52,62.895
179,7.74,Afternoon,Weekday,Low,Clear,,1.29,0.12,21.54,15.0994
180,17.71,Night,Weekday,Medium,Clear,2.71,1.48,0.48,6.06,31.829600000000003
181,6.56,Afternoon,Weekday,Low,Clear,3.48,0.85,0.31,97.94,39.4174
183,43.99,Night,Weekday,Low,Clear,2.64,0.96,0.29,74.71,66.5363
184,13.64,Morning,Weekday,Medium,Rain,2.43,1.54,0.14,43.75,29.5606
185,33.34,Night,Weekend,Medium,Clear,4.28,0.52,0.41,72.33,51.2721
186,41.04,Afternoon,Weekend,High,Clear,3.5,1.06,0.4,41.3,63.522400000000005
187,28.2,Morning,Weekend,Low,Clear,4.74,1.03,0.22,15.0,37.086
189,12.85,Evening,Weekday,Low,Snow,3.94,0.61,,26.63,23.4957
190,5.56,Morning,Weekday,High,Clear,,1.69,0.13,54.22,19.145
192,45.12,Afternoon,Weekday,Medium,Clear,,1.52,0.2,35.34,79.70039999999999
193,32.02,Afternoon,Weekday,,Clear,3.78,1.7,0.34,6.39,60.38660000000001
194,17.61,Morning,Weekday,Low,Clear,4.26,1.34,0.47,64.68,58.257000000000005
195,18.11,Evening,,Low,Rain,2.93,1.61,0.37,74.66,59.7113
198,44.47,Evening,Weekday,High,Clear,4.95,1.71,0.24,59.18,95.1969
199,39.21,Morning,Weekday,Low,Snow,2.88,0.94,0.21,70.94,54.6348
200,32.46,Evening,Weekend,,Clear,2.88,1.36,0.5,111.71,102.8806
202,8.92,Morning,Weekday,Low,Clear,3.69,1.07,0.36,42.14,28.4048
203,45.03,Afternoon,Weekday,High,Clear,2.76,0.95,0.24,32.28,53.2857
204,30.72,Afternoon,Weekend,,Clear,4.75,1.19,0.12,35.2,45.5308
205,1.45,Evening,Weekend,High,Clear,2.8,1.73,,63.01,12.2396
206,5.97,Afternoon,Weekday,Medium,Rain,4.69,1.89,0.32,90.57,44.95569999999999
208,1.25,,Weekday,Low,Rain,3.97,1.49,0.31,12.8,9.8005
209,8.88,Night,Weekend,High,Clear,4.72,1.85,0.44,88.21,59.96039999999999
210,27.89,,Weekend,Low,Clear,2.51,0.65,0.11,97.69,31.3844
211,34.9,Afternoon,Weekend,Medium,Clear,4.9,0.85,0.25,38.29,44.1375
213,11.99,Evening,Weekend,Medium,Rain,4.84,1.74,0.28,54.06,40.839400000000005
215,12.63,Morning,Weekday,Low,,2.9,1.12,0.48,102.2,66.10159999999999
216,16.94,Morning,Weekend,Low,Clear,2.56,0.63,0.19,65.42,25.662
217,37.58,Afternoon,Weekday,Low,Snow,2.91,1.16,0.47,84.52,86.22719999999998
218,32.83,Afternoon,Weekend,Medium,Clear,,0.85,0.27,106.59,58.9648
219,42.61,Morning,Weekday,Low,Rain,2.43,0.94,0.49,62.01,72.86829999999999
220,33.22,Night,Weekend,Low,Clear,2.31,1.66,0.32,41.02,70.5816
221,28.85,Morning,,High,Clear,3.27,0.61,0.47,91.67,63.9534
222,5.59,Afternoon,Weekday,High,Clear,4.39,,0.1,30.31,17.147599999999997
223,19.02,Night,Weekday,Low,,2.42,1.14,0.4,49.68,43.9748
224,13.99,Afternoon,Weekday,,Clear,2.39,1.39,0.46,104.56,69.9337
226,48.68,Afternoon,Weekday,Low,Rain,2.59,1.01,0.14,51.44,58.9584
227,20.26,Morning,Weekday,Low,Rain,2.29,0.63,0.27,29.7,23.0728
229,31.93,Afternoon,Weekday,Medium,Clear,4.77,1.71,0.32,37.67,71.4247
230,39.95,Evening,Weekend,Low,Clear,4.46,1.19,0.31,25.25,59.828
232,29.27,Morning,Weekend,Medium,Rain,3.97,1.9,0.1,33.99,62.982
233,25.13,Morning,Weekend,Medium,Rain,3.61,1.02,0.42,57.23,53.2792
235,36.4,Afternoon,Weekday,Medium,Clear,4.05,1.34,,117.94,94.105
236,14.76,Evening,Weekend,Medium,Clear,3.89,1.92,0.47,49.98,55.71979999999999
237,2.19,Afternoon,Weekday,Medium,Clear,2.8,0.51,0.18,14.2,6.472899999999999
238,32.63,Night,Weekday,Medium,Clear,2.12,0.86,0.37,15.33,35.8539
239,9.68,Morning,Weekday,Medium,,3.37,1.91,0.13,72.94,31.341
240,47.08,Evening,Weekend,High,Rain,4.67,0.76,0.34,73.93,65.587
241,47.74,Evening,Weekday,High,Clear,3.71,0.67,0.17,53.16,44.733
242,45.83,Evening,Weekday,Medium,Clear,4.5,1.36,0.39,54.66,88.1462
243,19.14,Evening,Weekend,Low,Snow,4.97,1.79,0.22,11.2,41.6946
244,1.76,Evening,Weekend,Low,Clear,2.49,1.22,0.29,64.4,23.3132
245,46.49,Afternoon,Weekday,Low,Clear,4.08,1.99,0.34,63.05,118.0321
246,21.98,Morning,Weekday,Medium,Clear,4.02,1.52,0.17,22.2,41.2036
248,48.22,Night,Weekday,Medium,Clear,4.96,1.99,0.22,19.21,105.144
249,42.8,Afternoon,Weekday,High,Rain,4.06,1.11,0.36,16.62,57.55120000000001
250,15.43,Evening,Weekday,High,Clear,2.73,0.93,0.16,75.12,29.0991
251,19.87,Afternoon,Weekend,High,,4.4,1.34,0.38,27.6,41.5138
252,42.71,Morning,Weekday,Low,Clear,2.32,,0.15,33.91,48.4081
253,16.53,Morning,Weekend,Medium,Clear,4.34,0.63,0.27,24.96,21.4931
254,9.31,Afternoon,Weekend,Low,Rain,4.73,0.5,0.2,115.15,32.415000000000006
255,28.28,Afternoon,Weekday,Low,Rain,3.15,1.17,0.4,103.28,77.5496
256,46.87,Morning,Weekday,Low,Clear,3.89,1.76,0.2,31.51,92.6832
257,35.11,Afternoon,Weekday,Low,Rain,3.29,1.36,0.45,42.67,70.2411
258,28.93,Morning,Weekday,Medium,Clear,3.31,2.0,0.46,29.14,74.5744
259,5.76,Afternoon,Weekday,High,Snow,2.93,0.93,0.18,61.57,19.3694
260,31.14,,Weekend,Low,Clear,4.29,0.92,0.35,7.26,35.4798
265,37.3,Morning,Weekday,Low,Snow,4.21,1.86,0.35,97.47,107.7025
266,35.15,Afternoon,Weekday,Medium,Rain,2.76,,0.21,96.08,91.8308
270,40.66,Afternoon,Weekday,Medium,Clear,3.9,0.67,0.3,34.29,41.4292
271,40.7,Evening,Weekday,,Clear,4.16,1.81,0.38,35.27,91.2296
272,43.49,Evening,Weekday,Low,Clear,2.77,1.45,0.2,68.97,79.6245
273,45.75,Morning,Weekday,Medium,Rain,4.16,0.75,0.23,52.31,50.5038
276,40.12,Morning,Weekend,High,Clear,3.88,1.61,0.24,116.97,96.546
277,32.85,Night,Weekday,Medium,Clear,2.44,1.18,0.42,31.52,54.4414
278,35.4,Morning,Weekday,,Clear,4.47,1.98,0.46,93.88,117.7468
279,39.99,Afternoon,Weekday,High,Clear,2.71,0.58,0.31,43.98,39.538
280,44.61,Afternoon,Weekday,Low,,3.96,1.03,0.28,21.45,55.9143
281,17.56,Evening,Weekday,Low,Clear,3.22,1.22,0.11,103.66,36.0458
284,29.34,Afternoon,Weekday,High,Clear,2.05,1.59,0.48,70.14,82.3678
286,23.81,Morning,Weekend,Medium,Rain,2.81,1.91,0.24,62.02,63.1719
288,15.04,Morning,Weekday,Low,Clear,5.0,1.78,0.11,15.09,33.4311
289,29.95,Morning,Weekday,High,Clear,2.63,1.33,0.33,81.84,69.47070000000001
290,2.49,Afternoon,Weekday,Low,Clear,2.8,1.74,0.32,108.02,41.699
291,2.83,Morning,Weekday,Low,Snow,3.99,0.96,0.19,11.65,8.920300000000001
292,41.31,Afternoon,Weekday,Medium,Clear,4.9,1.1,,21.18,56.05960000000001
293,18.65,Afternoon,Weekday,Medium,Clear,4.75,0.98,0.36,87.41,54.49459999999999
294,7.23,Evening,Weekday,Low,Clear,3.51,1.2,0.39,55.29,33.7491
295,26.59,Morning,Weekday,Medium,Clear,4.39,0.93,0.1,51.41,34.2597
296,38.73,Morning,Weekday,Medium,Clear,2.41,1.94,0.47,20.75,87.29869999999998
297,11.58,Morning,Weekday,Low,Rain,4.93,0.97,0.17,63.28,26.9202
298,31.52,,Weekday,Low,Clear,4.89,0.65,0.19,19.55,29.0925
299,5.18,Evening,Weekday,Medium,Clear,2.49,1.29,0.21,59.81,21.7323
300,3.53,Morning,Weekend,Low,Clear,2.9,0.59,0.12,92.82,16.1211
303,32.23,Afternoon,Weekday,High,Clear,4.45,1.2,0.23,119.08,70.5144
304,36.58,Evening,Weekend,,Rain,3.13,1.15,0.15,83.96,57.791
305,48.82,Evening,Weekday,High,Clear,2.27,1.7,0.14,101.76,99.5104
306,26.3,Evening,Weekday,Medium,Clear,3.03,1.61,0.39,52.71,65.9299
307,16.82,Evening,Weekday,Low,Snow,4.94,1.14,0.44,93.3,65.1668
308,39.96,Afternoon,Weekday,Low,Clear,3.89,1.0,0.2,9.66,45.782
309,14.27,Evening,Weekday,,Rain,3.25,0.97,0.11,19.13,19.1962
310,22.51,Morning,Weekday,,Clear,2.5,1.66,0.19,28.35,45.2531
311,4.84,Evening,,Medium,Rain,4.96,0.58,0.12,51.22,13.9136
312,2.24,Afternoon,Weekday,Low,Clear,4.46,0.52,0.14,102.26,19.9412
313,48.17,Evening,Weekend,Medium,Clear,,1.69,0.27,44.82,96.3487
314,41.96,Afternoon,Weekend,Low,Rain,2.21,1.22,0.19,80.28,68.65440000000001
315,35.1,Afternoon,Weekday,,Rain,2.17,0.7,0.31,86.57,53.5767
316,21.04,Afternoon,Weekday,Low,Rain,2.36,0.85,0.2,72.41,34.726
317,9.49,Evening,,High,Rain,3.74,1.9,0.48,46.08,43.8894
318,8.67,Morning,Weekday,High,Rain,4.79,1.79,0.46,71.36,53.1349
319,13.26,Morning,Weekday,Medium,Clear,3.49,1.56,0.33,44.36,38.814400000000006
321,36.02,Morning,Weekend,Low,Clear,3.34,1.28,,119.17,79.2381
322,33.35,Evening,Weekday,High,Clear,4.13,1.96,0.26,19.63,74.59979999999999
323,14.72,Morning,Weekday,Low,Clear,4.2,1.95,0.39,13.32,38.0988
324,47.79,,Weekend,Low,Clear,2.52,0.82,0.28,106.03,71.3962
325,37.16,Afternoon,Weekend,Low,,3.08,1.72,0.44,39.71,84.4676
326,28.16,Morning,Weekend,,Clear,3.91,0.8,0.48,79.78,64.7324
329,13.14,,Weekday,Low,Clear,3.6,1.11,0.14,35.14,23.105000000000004
330,18.44,Afternoon,Weekday,Low,Rain,4.99,1.9,0.18,44.45,48.027
331,38.13,,Weekday,High,Rain,3.42,0.63,0.27,52.23,41.544
332,1.71,Morning,Weekday,High,Clear,4.45,1.27,0.18,87.85,22.4347
335,3.0,Afternoon,Weekday,Low,Clear,3.79,0.73,0.28,9.82,8.729600000000001
336,42.92,Morning,Weekday,High,Clear,4.66,1.05,0.34,62.85,71.095
337,35.48,Afternoon,Weekday,Low,Clear,3.23,1.43,0.38,72.19,81.39859999999999
339,5.79,Morning,Weekday,Medium,Clear,3.89,1.95,0.45,10.65,19.973
340,25.09,Morning,Weekend,Medium,Snow,3.25,1.87,0.33,70.95,73.5818
341,24.2,Afternoon,Weekday,Low,Snow,2.43,0.75,0.28,103.17,49.4676
342,9.49,Evening,Weekday,Medium,Clear,2.28,0.68,0.13,32.82,12.9998
343,22.26,Evening,Weekday,Medium,Clear,,0.63,0.29,105.77,46.7471
345,31.18,Afternoon,Weekday,Medium,Clear,2.71,0.79,0.35,89.23,58.5727
346,32.12,Afternoon,Weekday,High,Rain,2.63,1.12,0.43,112.31,86.89770000000001
347,3.22,Afternoon,Weekday,Medium,Clear,4.21,1.17,0.3,80.58,32.151399999999995
348,19.36,Night,Weekday,Medium,Rain,2.96,1.4,0.15,55.49,38.3875
349,31.67,Morning,Weekday,Low,Clear,3.52,,0.11,10.16,23.9563
350,25.65,Evening,Weekday,Medium,Snow,2.49,0.84,0.22,110.81,48.4142
351,42.97,Afternoon,Weekend,Low,Clear,4.88,1.9,0.38,59.08,108.9734
352,33.28,,Weekday,Medium,Rain,4.55,1.86,0.42,8.33,69.9494
353,8.98,Evening,,High,Clear,4.59,1.67,0.22,84.33,38.1392
354,4.46,Afternoon,Weekend,Medium,Clear,3.22,0.53,0.3,60.41,23.7068
355,32.48,Evening,Weekday,Low,Clear,4.29,0.99,0.27,19.3,41.65619999999999
356,2.3,Night,Weekend,Low,Clear,2.43,1.44,0.26,29.64,13.4484
358,47.07,Morning,Weekday,Medium,Rain,2.06,1.86,0.15,71.04,100.2662
359,29.2,Afternoon,Weekday,High,Rain,3.76,1.45,0.18,76.53,59.87539999999999
360,20.02,Night,Weekday,High,Clear,3.37,0.61,0.12,63.16,23.1614
361,32.52,Morning,Weekday,Medium,Rain,3.55,1.86,0.18,98.97,81.85180000000001
362,23.45,Afternoon,Weekday,,Clear,2.02,1.94,0.1,104.02,57.915
363,27.74,Afternoon,Weekday,Low,Clear,,0.62,0.35,75.8,46.9988
364,47.13,Evening,Weekday,Low,Clear,4.15,1.3,0.23,6.47,66.90710000000001
365,19.92,Morning,Weekday,Low,Clear,3.33,0.96,0.49,84.95,64.0787
367,45.36,Night,Weekday,Medium,Clear,2.7,0.77,0.24,70.04,54.436800000000005
368,10.59,Morning,Weekday,Medium,Clear,4.44,,0.24,79.64,38.0619
369,4.4,Morning,Weekend,Low,Rain,3.77,1.94,0.1,45.28,16.834
370,5.94,Night,Weekday,Low,Clear,2.63,1.25,0.44,110.47,58.6618
371,1.89,Morning,Weekend,Low,Clear,2.71,0.62,0.11,20.41,6.1269
372,5.63,Evening,Weekday,Low,Clear,3.88,1.43,,82.22,51.39649999999999
373,34.47,Afternoon,Weekday,High,Clear,4.49,1.01,0.46,5.5,41.834700000000005
374,4.49,Morning,Weekday,Low,Clear,3.25,1.78,0.31,111.33,45.75449999999999
375,16.63,Evening,,Medium,Clear,2.77,1.15,0.32,17.94,27.6353
376,42.4,Afternoon,,Low,,4.6,0.79,0.36,15.91,43.823600000000006
377,2.14,Afternoon,Weekend,High,Clear,4.01,0.79,0.25,43.3,16.525599999999997
378,40.91,Afternoon,,Medium,Clear,3.34,1.65,0.36,47.96,88.1071
379,14.81,Afternoon,Weekend,Low,Rain,3.46,0.9,0.12,29.64,20.3458
380,6.79,Morning,Weekend,Medium,Clear,2.61,1.65,0.12,72.29,22.4883
381,35.14,Afternoon,Weekend,Medium,Clear,3.88,0.81,0.28,55.94,48.006600000000006
382,31.82,,Weekend,High,Rain,3.08,0.98,0.32,8.93,37.1212
383,44.0,Morning,Weekday,Low,Clear,4.99,1.2,0.46,41.76,76.9996
385,40.37,Afternoon,Weekday,High,Rain,3.46,1.9,0.43,84.32,116.42059999999998
386,14.82,Evening,Weekday,High,Clear,3.7,0.81,0.18,88.36,31.609
387,9.69,Morning,Weekday,Medium,Clear,4.75,1.04,0.26,85.28,37.0004
388,37.78,Night,Weekend,Medium,Clear,4.4,0.72,0.23,40.76,40.9764
389,40.53,Afternoon,Weekday,Medium,Clear,3.35,1.26,0.26,16.46,58.6974
390,49.53,Morning,Weekday,Medium,Clear,4.16,1.19,0.16,36.33,68.9135
391,21.22,Morning,Weekday,Medium,Clear,3.76,1.85,0.3,100.66,73.21499999999999
392,19.23,Morning,Weekday,Medium,Clear,3.48,1.9,0.42,117.75,89.472
393,39.04,Afternoon,Weekday,Medium,Clear,,1.08,0.28,61.79,62.0444
394,17.7,Afternoon,Weekend,Medium,Clear,3.39,1.24,0.3,6.12,27.174
395,46.61,Evening,Weekday,High,Clear,2.74,1.84,0.44,21.11,97.7908
396,43.06,Afternoon,,Low,Clear,4.74,1.71,0.38,42.04,94.3478
398,37.79,Afternoon,,Medium,Clear,4.86,0.98,0.2,13.64,44.6222
399,37.97,Evening,Weekday,High,Rain,3.6,1.13,0.45,113.49,97.57659999999998
400,6.05,Morning,Weekday,Medium,Clear,3.89,0.84,0.33,46.98,24.4754
402,25.76,Morning,Weekday,High,Clear,2.39,0.56,0.21,94.76,36.7152
403,41.5,Evening,Weekday,Low,Clear,3.13,1.47,0.42,91.88,102.72459999999998
405,44.88,Afternoon,Weekday,Medium,Clear,3.87,0.58,0.5,77.08,68.4404
406,20.07,Evening,Weekday,Medium,Snow,3.34,0.85,0.15,78.37,32.155
408,45.36,Afternoon,Weekend,Medium,Rain,2.66,1.78,0.26,68.68,101.2576
409,5.47,,Weekday,Low,Clear,2.49,1.22,,118.44,44.69539999999999
412,47.58,Morning,Weekday,Low,Clear,4.13,0.8,0.31,105.33,74.8463
413,29.1,Morning,Weekday,High,Clear,3.26,0.82,0.12,29.8,30.698
414,31.96,Afternoon,Weekday,High,Clear,3.55,0.94,,14.64,35.0564
415,22.97,Night,Weekend,Low,Rain,2.25,0.76,0.2,60.53,31.8132
416,15.37,Morning,Weekday,,Clear,4.95,1.07,0.37,64.12,45.1203
419,37.87,Night,Weekday,High,Clear,3.76,,0.26,70.65,64.5434
422,5.47,Morning,Weekend,Medium,Clear,2.52,0.82,0.17,75.75,19.8829
423,25.23,Morning,Weekday,Low,Rain,3.94,1.35,0.13,100.22,51.0291
425,27.93,Night,Weekend,Low,Clear,4.15,0.56,0.2,73.35,34.4608
427,44.5,Night,Weekend,Medium,Clear,4.02,1.47,0.45,23.88,80.18099999999998
429,6.74,Evening,Weekend,Low,Rain,4.68,1.46,0.17,117.71,34.5311
430,8.01,Afternoon,Weekday,High,Clear,,0.98,0.43,50.28,31.7102
431,38.31,Afternoon,Weekend,Low,Clear,2.99,0.64,0.41,31.15,40.2799
432,31.29,Afternoon,Weekend,Medium,Snow,2.74,1.14,0.34,24.7,46.8086
433,5.96,Afternoon,Weekday,Low,Clear,4.96,0.69,0.23,81.77,27.8795
434,5.12,Morning,Weekend,Low,Clear,3.17,1.92,0.21,75.09,28.7693
435,35.35,Morning,Weekday,Medium,Clear,4.2,1.21,0.15,79.01,58.825
436,4.57,,Weekday,Medium,Rain,4.05,0.98,0.3,15.12,13.0646
437,41.27,Evening,Weekday,Low,Clear,2.64,1.65,0.33,107.76,106.2963
440,5.16,Night,Weekday,Medium,Clear,3.23,1.72,0.25,58.17,26.6477
441,49.35,Morning,Weekday,,Clear,2.7,1.8,0.36,49.86,109.4796
442,19.34,Afternoon,Weekend,Low,,2.06,1.51,0.46,104.31,79.24600000000001
443,19.16,Afternoon,Weekend,Low,Clear,4.64,0.57,,111.87,34.5791
444,40.83,Evening,Weekday,Low,Rain,4.9,1.35,,39.9,69.99549999999999
445,47.42,Morning,Weekday,Low,Rain,3.02,1.64,0.16,104.35,97.4848
447,37.92,Evening,Weekday,Medium,Rain,2.02,0.84,0.39,112.04,77.56840000000001
448,19.44,Night,Weekday,Low,,4.04,1.82,0.47,33.26,55.053
450,39.08,Afternoon,Weekday,Low,Clear,2.44,1.63,,36.57,83.694
451,28.36,,Weekend,High,Clear,2.48,1.21,0.13,99.77,49.7657
452,21.79,Evening,Weekday,High,Clear,4.37,1.17,0.34,5.61,31.7717
453,45.41,Afternoon,Weekday,Low,Clear,3.85,0.51,0.12,69.95,35.4031
454,6.45,Morning,Weekday,Low,Clear,2.13,1.73,0.46,44.01,33.5331
455,25.14,Night,Weekday,High,Rain,3.87,1.04,0.31,42.11,43.069700000000005
456,1.56,Afternoon,Weekday,High,Clear,2.93,1.31,0.37,79.16,34.2628
457,23.96,Afternoon,Weekday,,Clear,3.11,1.52,0.43,102.92,83.7848
458,3.76,Morning,Weekday,,Clear,4.31,1.55,0.16,75.06,22.1476
459,6.82,Afternoon,Weekday,Low,,4.43,1.93,0.12,103.11,29.965799999999994
460,6.76,Afternoon,Weekend,Medium,Clear,3.2,1.3,0.45,35.43,27.9315
461,32.81,Afternoon,Weekend,Low,Clear,4.84,,0.23,64.74,55.82120000000001
462,37.56,Morning,Weekday,Low,,3.22,1.93,0.15,56.81,84.23230000000001
463,29.59,Afternoon,Weekday,Medium,Rain,4.32,1.46,0.29,6.34,49.36
464,48.15,Night,Weekday,Low,Clear,3.45,0.95,0.34,69.03,72.6627
465,19.37,Morning,Weekday,Medium,Clear,4.69,0.69,0.11,81.08,26.9741
466,15.0,Night,Weekday,Low,Snow,4.72,1.76,0.21,73.07,46.46469999999999
467,43.56,Afternoon,Weekday,Low,Rain,2.26,1.04,0.11,89.67,57.426100000000005
468,11.96,Evening,Weekday,Medium,Snow,4.81,1.49,0.27,70.7,41.71940000000001
469,48.2,,Weekday,Low,Clear,4.48,1.21,0.46,12.68,68.63480000000001
471,48.52,Evening,Weekend,Medium,,2.6,1.4,0.35,73.59,96.2845
472,3.11,Evening,Weekend,Low,Clear,4.42,0.59,0.16,36.62,12.1141
473,44.67,Afternoon,Weekend,Medium,Rain,4.55,1.12,0.46,14.16,61.09400000000001
474,26.86,Afternoon,Weekday,Low,Clear,2.87,1.32,0.31,54.4,55.1892
475,49.66,Afternoon,Weekend,High,Clear,4.86,1.15,0.16,68.75,72.969
477,28.14,Evening,Weekend,Medium,Clear,2.45,,0.4,87.85,86.5536
478,48.5,Evening,Weekday,Low,Clear,3.61,1.66,0.39,79.03,114.9417
479,26.63,Afternoon,Weekend,Medium,Clear,3.73,0.56,0.38,43.27,35.08540000000001
480,31.84,Evening,Weekday,High,Snow,3.94,0.79,0.18,91.81,45.6194
482,23.27,Afternoon,Weekend,Low,Clear,4.88,1.9,0.38,78.31,78.85079999999999
483,31.75,Morning,Weekday,,Rain,2.13,1.75,0.19,68.64,70.7341
484,29.63,Afternoon,Weekday,High,Clear,2.43,1.76,0.28,6.31,56.345600000000005
485,45.16,Afternoon,Weekend,High,Clear,2.04,,0.41,85.1,79.833
486,3.23,Afternoon,Weekday,Low,Rain,3.7,1.14,0.41,48.24,27.1606
487,14.77,Afternoon,Weekend,Medium,Clear,4.8,1.21,0.28,113.4,54.42370000000001
488,47.57,Afternoon,Weekday,Low,Rain,4.0,0.74,0.42,99.07,80.81119999999999
489,44.62,,Weekday,High,Rain,4.47,0.55,0.44,72.58,60.9462
490,23.33,Morning,Weekday,Low,Snow,2.04,1.92,,34.0,59.0736
491,31.39,Afternoon,Weekday,Low,Clear,3.63,0.86,0.19,28.43,36.0271
492,14.59,Morning,Weekend,Medium,Clear,,0.86,0.21,44.14,25.1968
493,10.22,Morning,Weekday,,Clear,3.5,0.63,0.23,59.81,23.694900000000004
494,23.72,Afternoon,Weekday,Medium,Clear,2.22,1.89,0.15,39.05,52.9083
495,18.31,Afternoon,Weekday,Medium,Rain,4.05,1.37,0.21,64.22,42.6209
496,29.6,Afternoon,Weekday,Low,Clear,3.51,1.5,0.18,24.02,52.2336
497,4.81,Afternoon,Weekend,Low,Clear,4.3,1.87,0.28,117.44,46.1779
498,48.75,Afternoon,Weekend,Medium,Rain,3.46,1.02,0.46,17.41,61.1936
499,49.32,Evening,Weekday,Low,Clear,2.45,1.43,0.14,112.17,88.6814
500,35.21,Afternoon,Weekend,Medium,Clear,3.94,0.56,0.39,110.06,66.581
501,27.27,Afternoon,Weekend,High,Clear,2.52,0.78,0.37,65.42,47.996
503,40.88,Afternoon,Weekend,Low,Clear,,1.65,0.47,55.15,97.2125
505,8.97,Afternoon,Weekday,Low,Clear,4.89,1.07,0.25,44.17,25.5304
506,45.64,Afternoon,Weekend,,Rain,3.56,1.3,0.4,39.63,78.744
507,41.3,Afternoon,Weekday,Medium,Rain,2.22,,0.2,71.5,37.17
510,31.06,Evening,Weekday,Low,Clear,4.41,0.88,0.44,37.97,48.4496
511,21.49,Evening,Weekend,Low,Rain,4.45,1.71,0.28,47.2,54.4139
512,46.7,Night,Weekday,Medium,Clear,4.94,,0.35,14.65,53.0315
513,43.44,Morning,Weekday,Low,Clear,3.51,0.79,0.19,11.01,39.9195
514,3.22,Morning,Weekday,,Clear,3.36,,0.37,34.15,20.0527
515,2.29,Morning,Weekend,Low,Clear,4.26,1.8,0.41,13.54,13.9334
516,19.45,Afternoon,Weekday,High,Clear,2.4,0.86,0.29,16.93,24.0367
517,40.72,Evening,Weekday,High,Clear,3.64,0.62,0.35,98.49,63.3579
518,49.38,Morning,Weekday,Low,Clear,3.64,1.03,0.28,9.47,57.153000000000006
519,8.37,Night,Weekend,Low,Rain,2.27,1.62,,80.78,52.9882
520,30.11,Morning,Weekday,Medium,Clear,3.25,1.33,0.3,36.34,54.1983
521,19.66,Night,Weekday,Low,Clear,4.56,1.73,0.44,105.23,84.873
523,42.26,Morning,Weekday,High,Rain,2.3,1.69,0.26,40.14,84.1558
524,42.08,Afternoon,Weekend,Medium,Rain,2.27,1.41,0.19,64.53,73.86349999999999
525,23.97,Morning,Weekday,High,Clear,2.79,1.24,0.26,48.93,45.2346
526,21.33,Morning,Weekday,Low,Clear,4.62,0.56,0.43,69.89,46.61750000000001
527,14.4,Afternoon,Weekend,Low,Clear,2.39,1.98,0.19,18.17,34.3543
528,3.76,Evening,Weekday,Medium,Rain,4.16,1.08,0.31,119.65,45.31230000000001
529,43.37,Afternoon,Weekend,Low,Clear,2.3,0.73,0.42,53.94,56.61489999999999
530,40.83,Afternoon,Weekday,Medium,Clear,3.87,1.5,0.24,45.05,75.92699999999999
531,49.99,Afternoon,Weekend,Low,Clear,3.07,0.93,0.36,86.67,80.7619
533,28.22,Morning,Weekday,High,Clear,2.7,1.38,0.14,100.83,55.7598
534,38.68,Afternoon,Weekend,Low,Clear,3.92,1.17,0.42,57.24,73.2164
535,47.29,Morning,Weekend,High,Clear,2.71,1.75,0.14,87.75,97.75249999999998
536,42.63,Morning,Weekend,High,Clear,4.14,,0.21,17.36,46.15260000000001
537,13.12,Afternoon,Weekday,Medium,Snow,4.62,1.17,0.44,102.3,64.9824
538,23.08,Morning,Weekend,Medium,Rain,2.38,1.31,0.24,89.61,54.1212
539,7.33,Afternoon,Weekend,Medium,Rain,4.6,1.5,0.49,29.35,29.9765
541,30.7,Morning,Weekend,Low,Clear,2.38,1.09,0.21,41.37,44.5307
542,12.2,Afternoon,Weekend,Medium,Clear,3.28,1.47,0.12,117.25,35.284
543,33.91,Morning,Weekday,Medium,Clear,2.48,0.73,0.38,34.54,40.3595
544,31.29,Night,Weekday,Medium,Clear,4.1,1.9,0.28,57.45,79.637
546,6.56,Evening,Weekday,Low,Clear,2.32,1.59,0.38,50.68,32.0088
548,26.5,Morning,Weekday,High,Clear,4.44,0.81,0.45,114.61,77.4795
549,38.84,Afternoon,Weekday,Low,Clear,4.81,1.23,,64.42,62.89040000000001
550,26.49,Night,Weekday,High,Clear,3.54,1.82,0.15,99.2,66.6318
551,42.76,Afternoon,Weekday,Medium,Rain,4.85,1.29,0.17,67.92,71.5568
552,28.04,Evening,Weekend,High,Clear,3.61,1.89,0.48,9.69,61.2568
553,28.49,Evening,Weekend,Medium,Clear,3.18,1.23,0.38,41.23,53.8901
554,43.96,Morning,Weekday,Medium,,4.54,1.24,0.42,71.19,88.9502
556,7.57,Afternoon,Weekday,High,Clear,3.42,1.7,0.23,103.8,40.163
557,2.41,,Weekday,Low,Clear,3.47,0.87,0.19,31.26,11.5061
558,38.0,Evening,Weekday,High,Clear,4.54,1.85,0.29,30.31,83.6299
559,31.4,Night,Weekday,,Clear,4.5,1.87,0.32,28.13,72.2196
560,35.5,Afternoon,Weekend,Low,Rain,3.21,1.91,0.35,111.09,109.89649999999996
561,11.44,Morning,Weekend,Low,Rain,3.0,1.28,0.2,103.06,38.2552
562,7.68,Evening,Weekday,Medium,Clear,3.48,1.52,0.48,94.11,60.32639999999999
563,1.71,Morning,Weekday,,Clear,3.72,1.67,0.17,50.16,15.1029
564,18.18,Evening,Weekday,High,Rain,2.72,0.7,0.49,63.0,46.316
565,29.91,Afternoon,,Low,Clear,4.38,1.4,0.11,58.4,52.678
566,20.22,Afternoon,Weekday,Low,Clear,3.46,0.55,,34.14,24.4816
567,22.44,Morning,Weekday,High,,3.0,1.25,0.23,63.08,45.5584
568,45.3,Afternoon,Weekend,Medium,Rain,2.32,0.73,0.28,8.51,37.7718
569,18.06,Afternoon,Weekend,High,Clear,2.72,0.77,0.33,20.16,23.279
570,26.19,Afternoon,Weekday,Low,,4.85,1.05,0.27,106.96,61.2287
571,39.4,,Weekend,Medium,Rain,2.92,1.15,0.27,91.44,72.9188
572,20.43,Evening,Weekday,Medium,Clear,2.51,1.43,0.39,53.63,52.6406
573,31.48,Evening,Weekday,Medium,,3.38,0.61,0.37,64.47,46.4367
574,43.26,Morning,Weekday,Medium,Snow,2.92,1.26,0.43,47.55,77.8741
575,47.53,Morning,Weekday,Medium,,2.11,0.77,0.2,90.19,56.7461
576,8.21,Morning,Weekend,Medium,Clear,2.97,1.36,0.34,95.18,46.49680000000001
577,46.4,Afternoon,Weekday,Low,Clear,3.63,1.46,0.33,92.78,101.9914
578,25.11,Afternoon,Weekday,Medium,Clear,3.66,1.34,0.25,88.1,59.3324
580,23.5,Morning,Weekday,Medium,Clear,3.34,1.0,0.23,43.87,36.9301
581,49.02,Afternoon,Weekend,Low,Clear,4.9,1.65,0.16,59.03,95.2278
582,25.14,Afternoon,Weekday,Medium,Rain,3.13,1.15,0.19,43.04,40.2186
583,17.11,Afternoon,Weekday,Medium,,2.77,1.23,,91.82,36.6701
585,12.77,Morning,Weekday,Low,Clear,3.37,0.53,,20.9,17.662100000000002
586,4.72,,Weekday,Low,Rain,4.28,1.48,0.48,50.89,35.6928
587,7.32,Afternoon,Weekday,Medium,Clear,2.62,1.43,0.39,117.69,58.9867
589,8.44,Evening,Weekend,Low,Clear,2.06,0.63,0.45,75.4,41.30720000000001
591,32.4,Night,Weekend,Low,Clear,4.33,1.88,0.28,13.17,68.9296
592,9.91,Morning,Weekday,Medium,Rain,3.02,1.53,0.33,61.11,38.348600000000005
593,17.94,Morning,Weekday,High,Clear,3.69,0.69,0.49,85.75,58.0861
594,44.94,Evening,Weekday,Low,Clear,2.61,1.04,0.31,64.02,69.1938
596,33.71,Morning,Weekday,Low,Rain,,1.75,0.13,38.23,66.1224
597,9.44,Morning,Weekday,Low,Clear,4.56,0.57,0.18,14.92,12.6264
598,10.42,Morning,Weekday,Low,Clear,,0.85,0.28,112.71,43.0058
599,3.0,Evening,Weekday,Low,Clear,4.62,1.83,0.33,48.49,26.111700000000003
600,9.28,Morning,Weekday,Medium,Clear,3.06,0.51,0.43,71.29,38.447500000000005
601,14.65,Afternoon,Weekday,Medium,Clear,4.17,0.8,0.5,96.08,63.93
602,9.67,Morning,Weekend,Medium,Clear,2.96,1.94,0.26,42.3,32.7178
603,5.35,,Weekday,Low,Clear,4.72,1.42,0.12,87.36,22.8002
604,6.91,Morning,Weekday,Low,Clear,2.38,0.89,0.42,20.57,17.1693
605,23.58,Afternoon,Weekday,Medium,Clear,2.54,0.6,0.34,38.5,29.778
606,11.11,Morning,Weekday,,,3.48,0.54,0.18,21.64,13.3746
607,18.85,,Weekday,Low,Clear,2.25,0.87,0.3,98.29,48.1365
608,25.67,Morning,Weekend,High,,2.59,1.82,0.4,30.6,61.54940000000001
609,34.83,Afternoon,Weekday,Medium,Snow,4.83,1.12,0.41,87.5,79.71459999999999
610,2.93,Evening,Weekend,Medium,Snow,4.93,1.58,0.3,113.48,43.60339999999999
611,40.17,Afternoon,Weekday,Medium,Rain,3.13,1.88,0.22,65.69,93.1014
612,31.77,Afternoon,Weekday,Low,Clear,4.77,1.11,0.49,67.1,72.9137
613,5.01,Afternoon,Weekend,Low,Rain,3.63,0.79,0.37,58.02,29.055300000000003
614,43.81,Afternoon,Weekday,Medium,Clear,2.81,1.28,0.26,42.48,69.9316
615,46.12,Afternoon,Weekday,Low,Clear,4.11,1.86,0.21,59.7,102.4302
617,14.57,Afternoon,Weekday,Medium,Clear,4.97,0.6,,118.39,37.39
618,40.5,Afternoon,Weekend,Low,Rain,2.8,1.54,,112.84,84.3528
619,37.66,Evening,Weekday,Medium,Clear,4.02,1.36,0.31,104.15,87.5241
620,10.04,Afternoon,Weekend,Low,Clear,2.16,1.86,0.22,107.25,44.4294
621,11.26,Morning,Weekend,Medium,Rain,2.34,0.68,,58.8,30.5768
622,19.15,Afternoon,Weekday,Medium,Clear,2.01,1.3,0.15,80.61,38.9965
623,24.74,Night,Weekend,High,Clear,5.0,1.82,0.36,107.93,88.8816
625,19.08,Afternoon,Weekend,Medium,Clear,4.36,1.22,0.1,115.6,39.1976
626,23.66,Morning,Weekday,Medium,Clear,3.53,0.61,0.15,52.82,25.8856
627,37.63,Afternoon,Weekday,High,Clear,2.9,0.92,,74.12,72.356
628,2.8,Morning,Weekday,Low,Clear,2.45,,0.45,86.63,44.2055
629,13.37,Afternoon,Weekday,Low,Rain,2.85,1.92,0.19,114.32,50.2412
630,35.95,Evening,Weekday,Low,Clear,3.13,0.92,0.41,33.13,49.78730000000001
633,27.07,Evening,Weekday,Medium,Clear,2.23,0.74,0.25,35.88,31.2318
634,6.25,Night,Weekend,Medium,Snow,2.05,1.23,0.37,94.31,44.6322
635,22.92,Morning,Weekday,,Clear,2.31,1.61,0.13,68.51,48.11750000000001
636,27.1,Afternoon,,Medium,Clear,,1.8,0.26,81.01,73.0726
637,12.88,Morning,Weekend,Low,Clear,4.8,1.44,0.49,42.13,43.9909
639,19.49,Night,Weekend,Medium,Rain,4.41,0.69,0.22,76.0,34.5781
642,11.36,Afternoon,Weekend,Low,Clear,,1.66,0.36,115.59,62.8
644,6.87,Morning,,High,Clear,4.35,1.9,0.48,89.4,60.315
645,44.64,Evening,Weekday,Medium,Rain,2.5,1.58,0.11,52.27,78.7809
646,30.09,Morning,Weekend,Low,Clear,3.54,1.63,0.22,45.84,62.6715
648,39.67,Evening,Weekday,Medium,Clear,3.88,1.16,0.23,52.06,61.871
649,25.42,Evening,Weekday,Medium,Clear,4.84,1.43,0.2,67.58,54.7066
650,5.26,Morning,Weekday,Low,Clear,3.74,1.65,0.31,67.5,33.344
651,27.32,Afternoon,,Low,Clear,3.62,0.66,0.43,62.17,48.3843
652,29.76,Morning,Weekday,Medium,Rain,2.15,1.94,0.14,20.5,62.7544
653,37.53,Afternoon,Weekday,Low,Rain,2.19,1.84,0.48,62.05,101.0292
654,22.15,Morning,Weekend,Low,Clear,2.56,0.91,0.42,24.45,32.985499999999995
655,7.25,Night,Weekday,Low,Clear,2.1,1.73,0.17,19.51,17.9592
656,14.91,Afternoon,Weekend,Medium,Clear,4.23,1.28,0.38,112.25,65.9698
657,18.79,Afternoon,Weekend,High,Rain,4.17,1.19,0.25,74.57,45.1726
659,28.97,Afternoon,Weekday,Medium,Clear,4.51,1.37,0.41,51.21,65.195
660,18.45,Afternoon,Weekday,Medium,Clear,2.46,1.59,0.49,109.53,85.4652
661,49.34,Afternoon,Weekend,Low,Clear,,1.12,0.15,78.36,69.91480000000001
662,30.68,Night,Weekday,Medium,Clear,2.75,1.44,0.27,93.45,72.16069999999999
663,12.62,Afternoon,Weekday,,Clear,3.12,1.55,0.29,47.38,36.4212
664,5.99,Night,Weekday,Medium,Clear,2.76,1.57,0.25,115.4,41.014300000000006
665,8.49,Evening,Weekday,Low,Snow,3.47,,0.25,99.35,33.2317
666,13.05,Morning,Weekday,Low,Clear,3.22,1.79,0.12,103.2,38.9635
667,8.87,Night,Weekday,Low,Clear,4.96,1.19,0.37,24.8,24.6913
669,14.97,Evening,Weekday,,Rain,2.43,0.86,0.18,37.85,22.1172
670,9.5,Afternoon,Weekday,Low,Clear,2.16,1.22,0.43,36.15,29.2945
672,4.93,Evening,Weekend,Medium,Clear,2.16,1.07,0.29,8.67,9.9494
673,26.7,Evening,Weekday,Medium,Clear,4.51,1.62,0.22,13.75,50.789
674,21.11,Evening,Weekend,High,Clear,3.54,0.65,0.36,36.5,30.4015
675,49.14,Afternoon,Weekday,High,Rain,3.58,1.21,0.22,27.99,69.1972
677,20.49,Afternoon,Weekday,High,Clear,2.51,1.66,0.39,96.76,74.2598
679,43.41,Afternoon,Weekday,Low,Rain,2.96,1.25,0.14,5.66,58.0149
680,41.04,Afternoon,Weekday,Medium,Clear,3.78,0.85,0.1,54.37,44.101
681,13.64,Night,Weekend,Medium,Rain,2.63,1.11,0.16,51.91,26.076
682,9.37,Afternoon,Weekday,Medium,Clear,2.35,1.67,0.13,18.1,20.3509
683,33.76,Evening,Weekday,Low,Rain,,1.66,0.5,82.76,102.3316
684,46.54,Morning,Weekday,Low,Rain,2.07,0.84,0.22,85.74,60.0264
685,28.28,Evening,Weekday,Medium,Rain,4.41,1.88,0.16,87.9,71.6404
686,29.01,,Weekday,Low,Clear,4.36,1.39,0.2,88.77,62.4379
687,14.72,Afternoon,Weekday,Medium,Clear,2.89,1.07,0.47,5.01,20.9951
688,38.71,Afternoon,Weekday,Medium,Rain,2.41,1.25,0.31,114.7,86.3545
689,10.17,Evening,Weekday,Medium,Clear,,1.41,0.25,98.63,41.4372
690,16.86,Morning,Weekday,Medium,Clear,4.09,1.34,0.45,108.96,75.7144
691,21.85,Afternoon,Weekday,High,Rain,3.93,1.23,0.26,6.8,32.5735
692,25.87,Afternoon,Weekday,,Rain,4.35,1.26,0.23,112.39,62.7959
693,12.88,Morning,Weekday,Medium,Rain,4.81,0.76,0.18,98.13,32.2622
694,6.63,Afternoon,Weekend,Medium,Clear,4.08,1.72,0.25,101.28,40.8036
695,30.92,Morning,Weekday,Low,Rain,2.47,1.31,0.23,15.73,46.5931
696,15.14,Morning,Weekday,Low,Rain,2.73,0.7,0.37,89.96,46.61319999999999
697,29.48,Morning,Weekday,Low,Clear,4.53,1.65,0.22,115.39,78.5578
698,8.56,Night,Weekend,Medium,Clear,2.63,,0.33,83.03,46.2939
699,24.58,Afternoon,Weekend,Medium,Clear,2.22,1.92,0.13,70.61,58.59289999999999
700,27.1,,Weekday,High,Clear,4.11,1.05,0.18,113.75,53.040000000000006
701,3.54,Afternoon,Weekend,Low,Snow,3.21,0.7,0.26,55.94,20.2324
702,17.49,Afternoon,Weekday,Low,Clear,4.76,1.28,0.47,73.92,61.8896
703,7.59,Afternoon,Weekday,High,,3.95,0.67,0.25,59.78,23.9803
704,4.11,Afternoon,Weekend,Low,Snow,2.27,1.9,0.37,112.28,51.6226
705,49.51,Morning,Weekend,Medium,Clear,4.84,0.78,0.2,13.75,46.207800000000006
706,16.8,Afternoon,Weekday,Medium,Rain,2.78,0.88,,62.63,26.9585
707,40.68,Morning,Weekday,,Clear,3.01,1.11,0.12,84.0,58.2448
708,13.48,Afternoon,Weekday,Low,Rain,3.21,1.07,0.22,96.07,38.769
709,34.39,,Weekday,Low,Clear,2.15,1.69,0.16,72.05,71.7971
710,38.25,Morning,,Low,Rain,3.49,1.18,0.17,109.53,67.24510000000001
711,30.19,Morning,Weekday,Medium,,2.37,0.76,0.4,113.33,70.6464
712,24.11,Evening,,Medium,Clear,3.2,0.9,0.11,12.4,26.263
713,21.18,Afternoon,Weekday,Low,Rain,3.05,1.26,0.32,51.27,46.1432
714,18.09,Morning,Weekday,Medium,Clear,4.32,0.72,0.25,7.7,19.2698
715,46.55,Night,Weekday,High,Clear,4.41,1.42,0.3,42.88,83.375
716,41.7,,Weekday,Low,Clear,2.46,1.35,0.33,66.74,80.7792
717,48.29,Afternoon,Weekend,Medium,Rain,3.1,1.57,0.23,109.74,104.1555
718,7.09,Night,Weekend,,Clear,,1.91,0.22,102.35,39.1789
719,36.81,Morning,Weekday,Low,Clear,2.45,1.87,0.39,19.66,78.95210000000002
720,46.98,Morning,Weekend,Low,Clear,4.4,1.92,0.45,15.7,101.6666
721,9.88,Morning,Weekend,Medium,Clear,4.12,0.87,0.18,72.77,25.8142
722,4.26,Afternoon,Weekend,,Clear,2.57,0.7,0.14,66.19,14.8186
723,37.31,Morning,Weekday,High,Clear,3.1,0.95,0.46,35.63,54.9343
724,29.15,Afternoon,Weekday,Medium,Clear,2.32,1.84,0.24,108.44,81.9816
726,7.85,Afternoon,,Low,Clear,2.36,,0.24,51.3,28.7235
727,39.97,Night,Weekday,Medium,Rain,4.96,0.67,0.15,107.38,47.846900000000005
730,9.05,Afternoon,Weekend,Medium,Clear,3.74,0.51,0.18,59.73,19.1069
731,40.91,Afternoon,Weekday,Medium,Clear,4.73,1.16,0.28,19.1,57.53359999999999
732,33.59,Afternoon,Weekday,Low,Rain,3.66,0.57,0.42,111.71,69.7245
733,26.63,Afternoon,Weekend,High,Clear,2.52,,0.34,57.22,57.1264
735,43.98,Evening,Weekend,Low,Clear,4.53,1.21,0.32,47.22,72.8562
736,20.23,Afternoon,Weekend,Low,Clear,3.93,1.42,0.38,7.17,35.3812
737,41.01,Morning,,Medium,Clear,3.95,1.8,0.42,16.56,84.7232
739,19.47,,Weekday,Low,Clear,4.68,1.15,0.16,84.35,40.56649999999999
740,23.67,Evening,Weekday,Medium,Snow,4.76,1.73,0.38,43.49,62.2353
742,37.63,Evening,Weekday,Medium,Clear,3.63,0.68,0.11,85.34,38.6058
743,25.63,Morning,Weekday,Medium,Rain,4.22,1.3,0.26,85.95,59.886
744,12.38,Afternoon,Weekday,Medium,Rain,4.27,0.93,0.23,61.64,29.9606
745,45.08,Afternoon,Weekend,High,Clear,3.82,0.57,,110.21,70.29329999999999
746,19.81,Morning,Weekday,Low,Rain,2.5,1.5,0.19,61.26,43.8544
748,45.42,Evening,Weekend,Medium,Clear,4.16,0.74,0.47,27.93,50.89789999999999
749,31.59,Morning,,High,,2.26,1.72,0.42,40.38,73.5544
750,6.73,Afternoon,Weekday,Low,Clear,3.39,1.78,0.47,9.87,20.0083
752,31.76,Morning,Weekday,Low,Clear,3.01,0.9,0.1,33.58,34.952
754,7.82,Night,Weekend,Low,Rain,3.2,0.98,0.27,93.64,36.1464
755,39.91,Evening,Weekday,Medium,Clear,3.65,1.33,0.44,42.63,75.4875
756,31.38,Night,Weekday,High,Clear,3.86,0.58,0.2,32.85,28.6304
757,27.14,Afternoon,Weekend,Medium,Clear,3.99,0.57,0.49,24.44,31.4354
758,44.8,Morning,Weekend,Low,Clear,4.51,1.58,0.35,94.11,108.2325
759,39.64,Afternoon,Weekday,Medium,Rain,2.65,1.17,0.42,19.92,57.3952
762,13.18,Morning,Weekday,Medium,Clear,2.47,1.5,0.4,84.05,55.86
763,37.45,Afternoon,Weekday,Low,Clear,4.92,0.5,0.11,77.83,32.2063
764,2.64,Morning,Weekday,Medium,Snow,4.53,1.71,0.43,98.23,51.2833
765,28.92,Afternoon,Weekend,Medium,Clear,3.5,0.62,0.11,10.15,22.5469
766,38.36,Evening,Weekday,Medium,Clear,4.94,0.79,0.36,39.09,49.3168
767,43.96,,Weekday,Low,Clear,2.29,1.08,0.25,37.22,59.0718
768,17.76,Afternoon,Weekday,,Rain,2.91,,0.34,21.79,32.1634
769,41.24,Afternoon,Weekday,High,Clear,3.91,1.03,0.38,38.26,60.92600000000001
771,42.48,Evening,Weekday,High,Clear,4.79,1.95,0.14,65.02,96.7288
772,7.25,,Weekend,Low,Clear,2.2,1.46,0.13,81.33,23.3579
773,20.47,Night,Weekday,Medium,Rain,3.65,,0.34,48.83,31.306
775,8.35,Afternoon,Weekday,Medium,Clear,3.96,1.81,0.4,43.66,36.5375
776,12.23,Afternoon,Weekday,Medium,Clear,2.77,0.95,0.3,38.38,25.9025
777,36.39,Afternoon,Weekday,Low,,3.09,0.64,0.27,67.24,44.5344
778,36.28,,Weekday,Low,Rain,4.53,1.64,,7.73,66.039
779,32.42,Evening,Weekday,Low,Clear,2.58,1.41,0.11,14.18,49.852
780,35.0,Morning,Weekday,Low,Snow,4.48,1.36,0.23,53.07,64.2861
781,27.59,Night,Weekend,Medium,Clear,3.69,0.58,0.49,113.43,75.27289999999999
782,13.34,Afternoon,Weekend,Low,,4.29,0.71,0.45,87.97,53.3479
783,17.94,Afternoon,,Low,Rain,4.14,1.43,,15.13,33.2741
784,9.9,Afternoon,Weekend,Medium,Clear,2.62,0.81,0.34,102.33,45.4312
785,45.51,Evening,Weekday,Medium,Rain,3.71,1.26,0.44,89.21,100.305
786,29.59,Afternoon,Weekend,High,Snow,4.6,1.32,0.28,75.26,64.73160000000001
787,20.64,Afternoon,,Medium,,3.3,0.93,0.11,99.33,33.4215
789,47.42,Afternoon,Weekend,High,Rain,3.36,,0.3,30.47,95.9602
790,8.51,Morning,,Medium,Clear,2.43,1.58,0.49,63.88,47.177
791,29.73,Evening,Weekend,Low,Clear,3.17,,0.38,68.12,47.488200000000006
792,25.79,Afternoon,Weekday,Medium,Clear,4.86,0.66,0.13,66.91,30.5797
793,30.96,Afternoon,Weekday,High,Clear,2.96,1.24,0.18,69.98,53.9468
794,1.89,Morning,Weekday,Low,,4.6,0.74,0.41,114.1,52.77959999999999
798,35.14,Morning,Weekend,Medium,Clear,4.17,1.05,0.11,113.49,53.550900000000006
799,46.2,Morning,,Medium,Clear,2.93,1.46,0.43,16.33,77.40390000000001
800,35.65,Night,Weekend,Low,Rain,4.35,0.69,0.42,35.49,43.8543
801,8.47,Evening,Weekend,High,Clear,3.33,1.15,0.2,61.93,25.4565
803,30.73,Morning,Weekend,Medium,Rain,4.33,1.83,0.19,63.09,72.553
804,21.78,Afternoon,Weekday,,Clear,3.15,0.56,0.12,91.02,26.2692
806,46.78,Afternoon,Weekend,Medium,Clear,3.13,1.75,0.17,34.03,90.7801
807,46.35,Morning,Weekday,Medium,Clear,3.1,0.95,0.24,89.15,68.52850000000001
808,23.09,Morning,Weekday,High,Rain,3.58,1.68,,23.94,48.835
809,6.55,Morning,Weekend,Medium,Rain,4.43,0.55,0.3,45.41,21.6555
810,49.26,Afternoon,Weekday,Low,Clear,3.09,1.95,0.29,35.46,109.4304
811,42.11,Evening,Weekday,High,Clear,3.57,1.29,0.21,45.23,67.3902
812,7.11,Morning,Weekday,Low,Rain,4.01,0.95,0.11,86.46,20.2751
814,43.62,Morning,Weekday,High,Clear,2.83,0.6,0.26,68.86,46.90559999999999
815,26.42,Night,Weekend,Low,Clear,4.8,1.98,0.22,16.49,60.7394
816,29.97,Morning,Weekday,Medium,Clear,4.17,0.56,0.45,97.58,64.86420000000001
817,20.55,Evening,Weekday,Low,Snow,3.73,1.48,0.4,47.54,53.16
818,3.68,Afternoon,Weekday,Medium,Clear,3.94,1.16,0.44,79.58,43.224
819,17.42,Afternoon,Weekday,Medium,Clear,2.09,1.92,0.3,88.42,62.0624
820,40.34,Morning,Weekend,Medium,Clear,3.85,0.87,0.15,29.11,43.31230000000001
821,1.23,Morning,Weekday,,Clear,3.53,1.3,0.38,106.74,45.6902
823,20.51,Evening,Weekday,Medium,Snow,3.08,1.55,0.28,54.3,50.07450000000001
824,27.33,Afternoon,Weekday,High,Clear,2.24,0.6,0.13,25.97,22.0141
825,46.07,Afternoon,Weekend,High,Clear,2.58,0.79,0.43,113.36,87.7201
826,17.97,Morning,Weekend,Low,Clear,4.85,0.82,0.15,91.83,33.3599
827,18.0,Night,Weekday,,Clear,3.23,1.61,0.46,28.92,45.513200000000005
828,37.14,Evening,Weekday,Low,Clear,3.4,0.78,0.45,43.84,52.0972
829,23.16,Morning,Weekday,High,Clear,2.16,1.36,,98.11,62.1095
831,23.17,Afternoon,Weekday,Low,Clear,4.15,1.79,0.35,93.07,78.1988
832,7.9,Afternoon,Weekday,Medium,Clear,3.61,1.91,0.42,55.74,42.1098
833,9.64,Evening,,Medium,Clear,3.53,1.28,,87.39,39.4645
834,25.42,Evening,Weekday,Low,Snow,2.73,1.03,0.41,49.45,49.1871
837,18.76,Afternoon,Weekday,High,Clear,2.57,0.9,0.29,117.24,53.4536
840,1.64,,Weekday,Medium,Rain,2.74,1.92,0.43,82.51,41.3681
841,33.51,Afternoon,Weekend,Low,Rain,3.94,1.09,0.32,67.27,61.9923
842,9.72,Afternoon,Weekend,High,Clear,3.95,1.54,0.17,101.99,36.2571
843,48.09,Afternoon,Weekend,High,Clear,4.47,1.23,0.29,92.6,90.4747
844,8.28,Night,Weekday,Medium,Snow,3.25,1.27,0.49,11.7,19.4986
847,49.85,Morning,Weekday,Medium,Clear,4.94,1.21,0.11,104.35,76.737
848,25.61,Evening,,High,Clear,3.79,1.56,0.29,79.89,66.9097
849,30.17,Afternoon,Weekday,Medium,Clear,4.13,1.91,0.36,103.47,99.0039
850,4.29,Morning,,Medium,Rain,2.02,0.99,0.43,17.92,13.9727
851,37.75,Evening,Weekday,Medium,Snow,3.55,0.56,0.12,44.99,30.0888
852,11.29,Evening,Weekday,Medium,Clear,2.11,,0.44,105.79,62.6572
853,45.0,Evening,Weekend,High,Clear,3.71,1.32,0.32,28.19,72.13080000000001
854,11.05,Night,Weekday,Medium,Clear,4.76,0.75,0.18,14.0,15.5675
855,10.34,Morning,Weekday,Medium,Clear,4.91,1.64,,95.63,43.8625
856,2.79,Evening,Weekday,Low,,3.62,1.98,0.21,101.08,30.371
857,24.13,Afternoon,Weekday,,Snow,3.37,1.92,0.31,23.71,57.0497
858,28.68,Evening,Weekday,Medium,Rain,4.84,,0.12,103.25,40.174
859,4.22,Evening,Weekday,Low,Clear,4.02,1.81,0.16,83.98,25.095
860,39.0,Evening,Weekend,Low,Clear,2.19,1.56,0.43,64.81,90.8983
861,23.21,Afternoon,Weekday,Medium,Clear,3.4,1.18,0.15,100.48,45.85979999999999
862,26.7,Morning,Weekend,Medium,Clear,2.72,1.31,0.19,53.21,47.8069
863,22.6,Afternoon,Weekday,Medium,Clear,3.41,1.77,0.28,27.31,51.058800000000005
864,20.64,Night,Weekday,Low,Clear,3.37,1.22,0.31,37.76,40.2564
865,28.42,Night,Weekday,Medium,Snow,3.75,1.06,0.41,63.09,59.74210000000001
866,8.61,Morning,Weekday,Low,Clear,3.07,1.24,0.28,66.1,32.2544
867,9.91,Morning,Weekend,Medium,Clear,2.49,,0.42,97.64,57.075500000000005
868,43.23,Morning,Weekday,Low,Rain,3.51,0.78,0.35,96.01,70.8329
869,47.36,Evening,Weekday,,Clear,,1.85,0.15,71.86,102.885
870,19.29,Evening,Weekend,Low,Clear,3.99,1.51,0.16,94.79,48.2843
873,21.03,Evening,Weekday,Low,,4.74,1.41,0.4,105.47,76.5803
874,2.24,Evening,Weekend,Medium,Clear,2.63,0.68,0.33,13.69,8.6709
875,8.65,Afternoon,Weekday,Medium,Rain,2.12,0.62,0.26,33.37,16.1592
876,36.08,Afternoon,Weekday,Low,Clear,,1.29,0.17,84.96,65.2064
877,33.29,Afternoon,Weekday,High,Clear,4.48,1.1,0.19,52.09,50.996100000000006
878,2.33,Morning,Weekday,Low,Rain,,1.38,0.33,105.78,43.0228
879,11.88,Afternoon,Weekday,Medium,Clear,4.67,0.63,0.27,39.27,22.7573
880,12.32,Afternoon,Weekday,Low,Clear,3.8,1.15,0.31,6.37,19.9427
881,33.92,Evening,Weekend,Low,Clear,3.59,0.76,0.17,39.58,36.09780000000001
882,1.97,Afternoon,Weekday,Medium,Clear,2.08,1.98,0.37,71.48,32.428200000000004
883,6.1,Evening,Weekday,Medium,Clear,2.74,1.34,,48.23,32.1352
884,40.2,Morning,Weekday,High,Clear,3.38,1.53,0.2,66.51,78.18800000000002
885,9.75,Afternoon,Weekend,Medium,Clear,3.89,0.99,0.3,105.81,45.2855
886,32.98,Morning,Weekday,High,Clear,3.67,0.64,0.49,109.94,78.64779999999999
887,12.67,Morning,Weekday,Low,Snow,,1.96,0.23,35.59,37.2489
888,5.87,Evening,Weekend,Low,Clear,2.84,0.93,0.34,58.15,28.0701
890,36.39,Morning,Weekday,Low,Clear,2.26,1.47,0.34,114.15,94.5643
891,42.93,Afternoon,Weekday,Medium,Clear,3.24,0.54,0.14,119.84,43.19980000000001
893,20.46,Morning,,Low,Clear,4.08,1.3,0.39,88.6,65.232
894,33.74,Afternoon,Weekday,High,Rain,4.97,0.92,0.42,48.47,56.3682
895,11.04,Evening,Weekend,High,Clear,2.83,0.59,0.38,5.93,11.596999999999998
896,15.36,Afternoon,Weekday,Low,Clear,3.49,0.74,0.34,6.06,16.9168
897,44.92,Morning,Weekday,Low,Clear,2.99,1.84,0.28,57.97,101.8744
898,1.64,Afternoon,Weekday,Low,Clear,3.32,1.53,0.44,61.16,32.7396
899,5.19,Evening,Weekday,Low,Rain,4.57,0.87,0.48,7.6,12.7333
900,11.19,,Weekday,Low,Clear,4.05,0.6,0.3,84.0,35.964
901,2.3,Morning,Weekend,Medium,Snow,,1.54,0.47,38.81,26.4327
902,9.89,Evening,Weekday,Low,Snow,2.61,1.36,0.33,69.39,38.95910000000001
903,29.57,,Weekday,Low,Clear,4.62,1.11,0.32,39.61,50.117900000000006
904,21.65,Evening,Weekday,High,Clear,2.18,1.05,,24.22,31.6941
905,44.74,Morning,,Medium,Rain,4.67,0.83,0.18,51.82,51.1318
906,41.05,Night,,High,Snow,2.99,1.5,0.1,31.71,67.736
907,17.75,Afternoon,Weekday,Low,Clear,,1.96,0.2,66.5,51.03
908,13.71,Afternoon,Weekday,Low,Clear,3.54,0.76,0.3,27.87,22.3206
909,19.6,Morning,Weekday,Medium,Clear,4.82,1.4,,63.47,48.127500000000005
911,14.14,Evening,Weekday,Low,Clear,3.06,,0.49,82.16,59.8622
912,31.58,Night,Weekend,Medium,Rain,4.57,0.88,0.24,91.7,54.3684
913,21.06,Afternoon,Weekend,Medium,Clear,3.19,1.74,0.28,17.7,44.7904
914,28.05,Afternoon,Weekday,Medium,Clear,2.6,1.23,0.15,58.8,45.9215
915,22.37,Evening,Weekday,Medium,Clear,3.27,1.32,0.12,13.15,34.376400000000004
916,15.43,Evening,Weekend,Medium,Clear,3.16,0.96,0.41,73.79,48.2267
917,47.47,Afternoon,Weekend,Low,,4.75,,0.33,35.41,52.9872
918,38.42,Afternoon,Weekday,Low,Clear,4.29,0.63,0.4,65.68,54.76660000000001
919,7.87,Afternoon,Weekday,Low,Clear,3.52,1.57,0.16,64.51,26.1975
921,24.88,Morning,Weekend,High,Clear,3.4,1.54,0.2,68.14,55.3432
922,44.83,Afternoon,Weekend,Medium,Snow,2.17,1.09,0.19,72.04,64.7223
923,40.19,Afternoon,Weekday,Medium,Clear,2.79,1.12,0.1,51.19,52.9218
924,21.84,Evening,Weekday,Low,Clear,3.31,1.2,0.15,114.14,46.639
925,2.1,Morning,Weekend,Low,Clear,,1.05,0.22,94.38,25.4386
926,14.17,Afternoon,Weekend,Low,Snow,4.84,0.65,0.15,37.82,19.7235
927,27.54,Afternoon,Weekend,Low,Clear,4.3,0.96,0.49,102.08,80.7576
928,32.04,Afternoon,Weekend,Low,Clear,,1.5,0.22,54.73,62.9006
929,13.64,Morning,Weekday,Medium,Rain,3.77,1.5,0.15,100.3,39.275
930,7.83,Afternoon,Weekday,Medium,Clear,4.16,0.93,0.18,99.63,29.3753
931,41.91,Afternoon,Weekday,Medium,Clear,4.82,1.19,0.34,26.72,63.7777
932,49.24,Afternoon,Weekday,Medium,Clear,4.64,0.79,0.13,85.63,54.67150000000001
933,26.76,Afternoon,Weekday,High,Clear,3.55,0.82,0.44,38.42,42.398
934,9.41,,Weekend,Low,Clear,4.32,0.53,0.48,39.21,28.1281
936,1.9,Morning,Weekend,Low,Clear,3.66,0.82,0.28,88.44,29.9812
938,6.77,Afternoon,Weekend,High,Clear,2.38,0.92,0.36,5.1,10.4444
940,14.43,Morning,Weekday,High,Clear,2.81,1.46,0.21,24.69,29.0627
941,28.15,Afternoon,Weekday,High,Clear,2.06,0.61,0.18,17.02,22.2951
942,32.92,Evening,Weekday,Low,Clear,4.17,0.7,0.36,32.31,38.8456
944,11.11,Evening,Weekend,Medium,Clear,3.79,1.01,0.17,59.73,25.1652
945,1.54,Afternoon,Weekday,High,Clear,3.62,1.56,0.38,10.13,9.8718
946,7.71,Afternoon,Weekday,Low,Clear,4.91,,0.33,116.62,53.726
947,45.1,Morning,Weekday,Medium,Clear,,0.88,0.44,87.35,81.572
948,43.82,Afternoon,Weekday,Low,Clear,2.19,1.48,0.15,42.17,73.3691
949,30.27,Afternoon,Weekend,Medium,Clear,3.66,0.67,0.41,41.65,41.0174
950,30.43,Morning,Weekend,Medium,Clear,4.52,1.3,0.37,56.58,65.0136
951,33.59,Morning,Weekday,Medium,Clear,4.99,1.16,0.15,77.02,55.5074
952,9.59,Afternoon,Weekend,High,Clear,3.29,0.9,0.38,21.83,20.2164
953,45.81,Evening,Weekday,High,Clear,,1.41,0.28,26.73,75.03649999999999
954,21.52,Night,Weekend,High,Rain,4.72,1.81,0.48,103.83,93.5096
955,19.77,Night,Weekday,Low,Clear,2.57,2.0,0.16,34.47,47.6252
956,26.43,Afternoon,Weekend,Medium,Clear,3.85,1.41,0.36,48.72,58.65549999999999
957,3.3,Afternoon,Weekend,Low,Clear,3.22,1.11,0.25,105.2,33.183
958,9.15,Afternoon,Weekday,Medium,Snow,2.12,0.84,0.48,81.26,48.8108
959,37.16,Evening,Weekend,Medium,Snow,3.04,0.89,0.23,44.3,46.3014
960,5.06,Morning,Weekday,Medium,,2.8,1.22,0.48,83.63,49.11559999999999
962,13.02,Evening,Weekday,High,Clear,4.85,1.87,,89.6,48.0134
964,15.15,Afternoon,Weekend,,Clear,4.43,1.06,0.5,98.52,69.749
965,18.43,Afternoon,Weekend,Low,Clear,2.17,1.08,0.2,114.78,45.03040000000001
967,15.56,Afternoon,Weekday,,Rain,2.21,1.48,,109.57,59.2055
968,28.75,Afternoon,Weekend,High,Rain,4.8,1.42,0.22,63.9,59.68299999999999
969,24.33,Morning,Weekday,High,Clear,4.3,1.0,0.11,46.42,33.7362
971,46.9,Evening,Weekday,High,Clear,4.47,0.56,0.21,84.34,48.44540000000001
972,36.9,Morning,Weekend,Low,Clear,3.94,1.81,0.28,106.66,100.5938
974,2.53,Morning,Weekday,Medium,Clear,4.14,1.1,0.45,110.59,56.688500000000005
975,13.85,Night,Weekday,Medium,Clear,4.77,1.25,0.38,98.75,59.6075
977,3.52,Afternoon,Weekday,Low,Clear,2.35,,0.36,106.23,42.4232
978,25.32,Evening,Weekend,Medium,Rain,3.58,1.81,0.36,37.19,62.7976
979,30.25,Evening,Weekend,Medium,Clear,2.38,1.17,0.48,17.18,46.0189
980,17.38,Morning,Weekday,Low,Rain,3.78,1.01,0.1,17.91,23.1248
981,38.77,Evening,Weekday,Medium,Clear,3.45,0.71,0.2,38.49,38.6747
982,6.22,Afternoon,Weekend,Medium,Clear,3.87,1.16,0.47,75.63,46.6313
983,4.68,Afternoon,Weekend,Medium,Rain,2.03,1.24,0.47,97.5,53.6582
984,36.68,Morning,Weekday,Low,Clear,2.58,1.11,0.39,108.41,85.5747
985,25.28,Morning,Weekend,Medium,Snow,3.47,1.52,,76.73,73.3549
986,34.73,Evening,Weekday,Low,Clear,4.85,1.13,0.14,5.65,44.88589999999999
987,22.31,Afternoon,Weekday,Low,Clear,3.15,1.94,0.31,26.43,54.6247
988,13.07,,Weekend,Medium,Clear,3.27,1.4,0.19,16.47,24.6973
989,41.14,Evening,Weekend,Medium,Rain,4.14,1.71,0.17,46.78,82.44200000000001
990,40.17,Evening,Weekday,Low,Clear,3.81,0.66,0.42,62.66,56.6394
992,14.34,Afternoon,Weekday,Medium,Clear,3.23,1.01,0.29,45.07,30.7837
994,18.69,Evening,Weekday,Medium,Clear,4.9,1.79,0.17,79.41,51.8548
995,5.49,Afternoon,Weekend,Medium,Clear,2.39,0.62,0.49,58.39,34.4049
996,45.95,Night,Weekday,Medium,Clear,3.12,0.61,,61.96,62.12950000000001
997,7.7,Morning,Weekday,Low,Rain,2.08,1.78,,54.18,33.1236
998,47.56,Morning,Weekday,Low,Clear,2.67,0.82,0.17,114.94,61.209
999,22.85,Morning,Weekend,Medium,Clear,4.34,,0.23,29.69,45.44370000000001
