,trip_distance_km,time_of_day,day_of_week,traffic_conditions,weather,per_km_rate,trip_duration_minutes,trip_price
0,19.35,Morning,Weekday,Low,Clear,0.8,53.82,36.2624
2,36.87,Evening,Weekend,High,Clear,1.21,37.27,52.9032
3,30.33,Evening,Weekday,Low,Clear,0.51,116.81,36.4698
4,25.83,Evening,Weekday,High,Clear,0.63,22.64,15.618000000000002
5,8.64,Afternoon,Weekend,Medium,Clear,1.71,89.33,60.2028
6,3.85,Afternoon,Weekday,High,Rain,1.66,5.05,11.2645
7,43.44,Evening,Weekend,Low,Clear,1.87,61.86,101.1216
9,35.7,Afternoon,Weekday,Low,Rain,1.52,61.86,75.5657
10,25.83,Morning,Weekday,Low,Clear,0.58,26.34,14.892
12,41.79,Night,Weekend,High,Clear,1.77,86.95,88.13279999999999
13,11.4,Morning,Weekday,Low,Clear,1.22,84.12,36.118
14,9.91,Evening,Weekday,High,Clear,1.26,41.72,28.9914
15,9.99,Night,Weekday,High,Clear,0.85,34.0,27.4415
16,15.91,Morning,Weekday,Low,Clear,1.77,114.93,56.716
17,26.71,Afternoon,Weekend,Low,Rain,1.59,111.18,69.0049
18,22.17,Night,Weekday,Low,Clear,1.97,57.59,69.6268
19,15.27,Morning,Weekday,Low,Clear,0.73,61.86,27.3543
20,30.98,Afternoon,Weekend,Low,Rain,0.84,57.02,44.7782
21,7.84,Morning,Weekday,Medium,Clear,0.82,53.8,26.2988
22,105.94355003672597,Night,Weekend,Low,Rain,1.69,23.03,201.869509186128
23,18.95,Night,Weekday,Low,Clear,0.78,54.04,39.2366
24,23.35,Night,Weekday,Low,Rain,0.6,66.8,33.632000000000005
25,39.47,Afternoon,Weekday,Low,Clear,1.22,7.59,83.69649999999999
26,10.78,Evening,Weekday,High,Rain,0.54,56.07,28.2443
27,138.09832791310237,Evening,Weekend,Medium,Rain,1.75,94.86,280.87730155406564
28,30.03,Afternoon,Weekday,High,Clear,1.05,83.21,64.7971
29,3.28,Evening,Weekday,Medium,Clear,1.76,78.04,24.260800000000003
30,30.77,Morning,Weekday,Low,Clear,1.33,109.6,58.8121
31,9.36,Afternoon,Weekday,Medium,Clear,1.85,7.07,20.7765
33,47.5,Morning,Weekend,Low,Clear,0.51,95.55,57.28
34,48.32,Morning,Weekday,Low,Clear,0.61,67.25,61.5552
35,40.61,Afternoon,Weekday,Low,Clear,0.88,42.25,54.1018
36,15.93,Afternoon,Weekday,Low,Clear,1.5,20.67,35.016400000000004
37,5.79,Evening,Weekday,Low,Clear,1.83,107.07,40.9225
38,34.53,Morning,Weekday,Medium,Clear,1.22,59.14,60.0471
39,22.57,Afternoon,Weekday,Low,Clear,1.41,105.98,62.77850000000001
40,6.98,Afternoon,Weekend,Low,Clear,0.78,72.37,20.791
41,25.26,Evening,Weekday,High,Clear,1.71,82.53,57.0482
42,2.69,Afternoon,Weekday,Low,Clear,1.95,97.49,42.9921
43,45.56,Afternoon,Weekday,Low,Clear,0.9,80.8,85.88400000000001
44,13.68,Evening,Weekend,High,Clear,1.22,50.78,29.4758
45,33.46,Afternoon,Weekend,Low,Rain,0.63,64.07,30.9982
46,16.27,Morning,Weekday,Low,Clear,1.22,97.35,64.05529999999999
47,26.48,Morning,Weekend,Medium,Clear,1.25,47.97,44.844
48,27.79,Evening,Weekday,Low,Clear,0.72,49.63,44.1197
49,10.06,Morning,Weekday,Medium,Rain,1.16,16.0,20.1596
50,48.51,Evening,Weekday,High,Rain,1.0,110.18,104.1764
51,38.98,Afternoon,Weekday,Low,Clear,1.28,15.47,57.0766
52,47.04,Night,Weekday,Medium,Clear,1.38,79.54,98.3796
53,44.85,Evening,Weekend,Medium,Rain,0.51,52.52,41.9343
54,30.3,Night,Weekend,Low,Clear,1.64,51.65,72.2695
55,46.17,Afternoon,Weekday,Medium,Clear,1.57,83.15,99.8989
56,5.34,Afternoon,Weekday,Low,Clear,1.22,12.72,10.2366
57,10.6,Afternoon,Weekday,Medium,Clear,1.22,73.28,32.342
58,3.22,Afternoon,Weekday,Low,Rain,1.63,93.78,37.1504
59,16.94,Afternoon,Weekday,Medium,Snow,1.93,100.24,78.715
60,20.05,Evening,Weekday,Low,Clear,0.86,24.61,29.8609
61,14.3,Night,Weekday,High,Clear,0.99,108.2,59.181
62,41.61,Evening,Weekend,Low,Rain,0.78,61.86,47.314800000000005
63,18.48,Afternoon,Weekday,Medium,Clear,1.37,106.41,69.6575
64,146.0670471598387,Afternoon,Weekday,Medium,Clear,0.73,60.81,320.958663578238
65,27.59,Evening,Weekend,Medium,Rain,1.03,67.33,61.459500000000006
66,7.91,Morning,Weekday,Medium,Clear,1.55,110.69,68.3748
67,40.31,Morning,Weekday,Medium,Clear,1.34,108.49,71.2142
68,4.65,Afternoon,Weekday,Medium,Clear,1.08,56.54,33.8442
69,49.36,Morning,Weekday,High,Rain,1.13,36.56,65.084
70,38.84,Morning,Weekend,Low,Clear,1.34,50.21,69.52810000000001
71,10.74,Morning,Weekday,Medium,Clear,0.51,49.59,23.5462
72,1.27,Morning,Weekday,High,Clear,0.62,37.99,11.3358
73,40.96,Morning,Weekend,High,Clear,1.82,35.89,92.8432
74,35.64,Night,Weekend,High,Rain,0.62,104.02,36.4388
75,36.72,Afternoon,Weekend,Low,Clear,1.56,13.03,61.8883
76,38.79,Afternoon,Weekday,Low,Clear,1.88,82.93,104.2421
77,4.63,Afternoon,Weekday,Medium,Clear,0.91,24.87,18.8626
78,18.56,Morning,Weekend,Medium,Snow,1.22,44.62,45.385000000000005
79,6.68,Night,Weekend,Medium,Clear,1.35,12.08,16.9284
80,43.29,Evening,Weekday,Medium,Rain,1.82,36.05,94.2463
81,31.54,Morning,Weekday,High,Clear,1.91,93.37,87.6076
82,17.21,Afternoon,Weekday,Low,Rain,1.61,106.78,42.8661
83,4.11,Evening,Weekend,High,Rain,0.63,30.48,11.2613
84,25.83,Night,Weekday,Medium,Clear,1.5,58.31,45.8161
85,16.93,Afternoon,Weekday,Low,Snow,1.12,59.09,42.9949
86,36.75,Afternoon,Weekday,Medium,Clear,1.21,105.46,76.2217
87,25.83,Afternoon,Weekday,Medium,Clear,0.57,92.72,57.9476
88,44.47,Night,Weekend,Low,Clear,0.79,64.0,59.761300000000006
89,24.14,Morning,Weekday,Low,Clear,1.69,82.14,55.3948
90,6.86,Night,Weekend,High,Clear,1.18,102.45,29.4658
91,35.95,Afternoon,Weekend,Low,Clear,0.95,6.1,40.4165
92,38.28,Afternoon,Weekday,Medium,Clear,1.08,51.33,63.56110000000001
93,28.5,Afternoon,Weekday,Medium,Clear,1.78,109.33,105.9418
95,25.83,Morning,Weekend,Medium,Clear,0.91,67.43,60.077
96,26.61,Morning,Weekday,Low,Rain,0.68,65.91,33.0286
97,21.95,Morning,Weekday,Medium,Clear,0.88,44.99,27.865
98,2.25,Evening,Weekend,Low,Clear,1.88,61.86,40.65
99,6.29,Afternoon,Weekday,Low,Clear,1.37,80.37,29.645000000000003
100,2.54,Morning,Weekend,Low,Clear,1.3,53.11,25.7527
101,32.18,Night,Weekday,Medium,Rain,1.39,87.13,62.4923
102,16.4,Evening,Weekday,Low,Rain,1.05,104.04,53.9332
103,25.92,Night,Weekday,Low,Clear,1.71,22.79,58.7766
104,45.47,Night,Weekend,Low,Rain,1.28,56.93,73.4155
105,13.22,Morning,Weekday,Low,Rain,0.68,51.92,31.99
106,21.11,Afternoon,Weekend,High,Rain,0.69,84.06,34.3067
107,38.02,Evening,Weekday,Low,Clear,1.31,33.73,66.2817
108,112.8309582902826,Afternoon,Weekday,High,Snow,1.9,78.63,233.00828520738887
110,102.74755620694734,Evening,Weekday,Medium,Clear,1.8,53.09,274.53508679715014
111,25.83,Morning,Weekday,Low,Clear,1.65,109.77,37.355900000000005
112,46.56,Morning,Weekday,Low,Clear,0.87,119.21,99.8038
113,40.6,Afternoon,Weekend,Medium,Clear,0.55,17.2,29.532000000000004
114,32.04,Afternoon,Weekday,Low,Clear,0.65,31.8,30.446
115,43.7,Afternoon,Weekday,Low,Clear,1.59,114.29,106.0042
116,40.38,Morning,Weekday,Medium,Rain,0.8,115.21,63.432300000000005
117,10.14,Evening,Weekday,High,Rain,1.06,16.24,19.974400000000003
118,44.74,Afternoon,Weekday,Medium,Clear,1.25,6.72,62.8678
119,27.43,Morning,Weekend,Low,Rain,1.59,23.53,52.7821
120,40.56,Evening,Weekend,Medium,Rain,0.67,119.54,82.0828
121,44.91,Night,Weekday,Low,Rain,1.11,25.7,63.0611
123,6.39,Evening,Weekday,High,Clear,1.31,102.57,51.6275
124,12.17,Afternoon,Weekend,Low,Rain,1.73,7.35,25.4826
125,21.93,Afternoon,Weekday,Low,Clear,0.76,74.52,48.024
126,41.08,Morning,Weekday,Low,Clear,1.71,36.86,90.5124
127,43.18,Afternoon,Weekday,High,Clear,1.54,104.17,98.6948
128,1.34,Afternoon,Weekend,Medium,Clear,1.33,37.6,22.718200000000003
129,26.03,Morning,Weekday,Medium,Clear,1.55,83.98,76.20850000000002
130,21.45,Evening,Weekday,Medium,Clear,1.12,82.54,53.056
131,11.88,Afternoon,Weekday,Low,Clear,0.71,30.47,22.544600000000003
132,6.87,Morning,Weekday,Medium,Rain,1.5,9.0,14.935
133,17.54,Morning,Weekday,Low,Rain,1.29,52.06,50.696
134,25.83,Afternoon,Weekend,Low,Clear,1.46,38.26,85.6182
135,16.84,Morning,Weekend,Medium,Snow,1.01,98.03,30.942000000000004
136,26.42,Evening,Weekday,High,Clear,1.86,97.04,75.22040000000001
137,25.83,Afternoon,Weekday,Low,Clear,1.38,57.56,73.587
138,18.82,Afternoon,Weekday,Low,Rain,0.63,74.75,22.8766
139,48.62,Afternoon,Weekend,Low,Rain,1.17,74.49,67.2293
140,48.16,Afternoon,Weekend,Low,Rain,1.63,100.12,110.2544
141,109.61608204688008,Afternoon,Weekday,High,Clear,1.69,53.88,327.21766546350466
142,25.83,Afternoon,Weekend,Medium,Rain,1.24,36.68,44.7092
143,15.74,Afternoon,Weekday,Low,Clear,1.84,35.48,39.4624
144,14.96,Morning,Weekday,Medium,Rain,0.9,66.66,28.5862
145,2.81,Evening,Weekend,Low,Rain,1.12,56.65,27.4942
146,30.87,Evening,Weekday,Medium,Clear,1.85,55.61,76.4286
147,25.63,Afternoon,Weekday,Medium,Clear,1.22,15.48,54.1556
148,3.52,Evening,Weekday,Medium,Rain,1.53,87.64,29.4228
149,14.65,Evening,Weekend,High,Clear,1.79,29.58,40.020700000000005
150,45.51,Evening,Weekday,Medium,Clear,0.63,27.65,36.4958
151,12.74,Evening,Weekday,Low,Rain,1.8,52.47,35.357200000000006
152,8.1,Afternoon,Weekend,High,Clear,0.98,31.19,14.6127
153,24.98,Afternoon,Weekend,Low,Rain,0.77,72.14,52.5934
154,49.3,Afternoon,Weekday,Low,Clear,0.86,47.72,63.866
155,12.86,Evening,Weekday,Low,Clear,1.13,56.62,39.5698
156,33.93,Morning,Weekday,Low,Rain,0.88,66.77,59.92869999999999
157,38.32,Evening,Weekday,Medium,Clear,0.98,28.41,52.6453
158,12.64,Evening,Weekday,Medium,Clear,0.7,22.91,20.3819
159,36.68,Afternoon,Weekend,High,Rain,0.94,106.25,76.6192
160,19.02,Evening,Weekday,Medium,Clear,1.36,54.88,35.0028
161,31.98,Morning,Weekday,Medium,Clear,1.16,52.39,57.7533
162,32.04,Afternoon,Weekday,Low,Clear,1.02,9.1,40.8518
163,27.25,Evening,Weekend,Low,Rain,1.62,61.86,66.566
164,5.42,Morning,Weekday,Medium,Rain,1.84,68.73,30.318
165,41.93,Evening,Weekend,Medium,Rain,1.64,69.27,87.6519
166,25.83,Evening,Weekday,High,Clear,1.0,86.31,51.9016
168,3.0,Morning,Weekday,Low,Clear,0.73,34.01,19.6645
169,29.95,Morning,Weekday,Medium,Clear,0.7,98.23,48.7802
170,34.2,Afternoon,Weekday,Low,Clear,1.02,113.92,86.1412
171,1.81,Night,Weekday,Low,Rain,1.71,20.63,12.5567
172,26.09,Afternoon,Weekday,Medium,Rain,0.87,62.23,54.62179999999999
173,12.1,Morning,Weekend,Low,Clear,0.59,61.86,19.2643
174,32.61,Afternoon,Weekday,Medium,Clear,0.7,11.91,31.3891
175,9.54,Afternoon,Weekend,Low,Rain,1.79,42.43,33.1785
176,34.86,Evening,Weekday,Low,Clear,1.45,21.52,62.895
179,7.74,Afternoon,Weekday,Low,Clear,1.29,21.54,15.0994
180,17.71,Night,Weekday,Medium,Clear,1.48,6.06,31.829600000000003
181,6.56,Afternoon,Weekday,Low,Clear,0.85,97.94,39.4174
182,46.31,Afternoon,Weekday,Medium,Rain,1.8,61.86,96.939
183,43.99,Night,Weekday,Low,Clear,0.96,74.71,66.5363
184,13.64,Morning,Weekday,Medium,Rain,1.54,43.75,29.5606
185,33.34,Night,Weekend,Medium,Clear,0.52,72.33,51.2721
186,41.04,Afternoon,Weekend,High,Clear,1.06,41.3,63.522400000000005
187,28.2,Morning,Weekend,Low,Clear,1.03,15.0,37.086
188,26.95,Afternoon,Weekend,Low,Clear,1.32,61.86,44.7548
189,12.85,Evening,Weekday,Low,Snow,0.61,26.63,23.4957
190,5.56,Morning,Weekday,High,Clear,1.69,54.22,19.145
191,25.83,Afternoon,Weekend,Medium,Clear,0.83,80.7,76.1018
192,45.12,Afternoon,Weekday,Medium,Clear,1.52,35.34,79.70039999999999
193,32.02,Afternoon,Weekday,Low,Clear,1.7,6.39,60.38660000000001
194,17.61,Morning,Weekday,Low,Clear,1.34,64.68,58.257000000000005
195,18.11,Evening,Weekday,Low,Rain,1.61,74.66,59.7113
196,25.83,Night,Weekday,High,Clear,1.49,115.73,89.0764
197,25.83,Night,Weekend,Medium,Clear,1.03,72.79,77.18900000000001
198,44.47,Evening,Weekday,High,Clear,1.71,59.18,95.1969
199,39.21,Morning,Weekday,Low,Snow,0.94,70.94,54.6348
200,32.46,Evening,Weekend,Low,Clear,1.36,111.71,102.8806
201,5.12,Morning,Weekday,Medium,Clear,1.62,61.86,51.45840000000001
202,8.92,Morning,Weekday,Low,Clear,1.07,42.14,28.4048
203,45.03,Afternoon,Weekday,High,Clear,0.95,32.28,53.2857
204,30.72,Afternoon,Weekend,Low,Clear,1.19,35.2,45.5308
205,1.45,Evening,Weekend,High,Clear,1.73,63.01,12.2396
206,5.97,Afternoon,Weekday,Medium,Rain,1.89,90.57,44.95569999999999
208,1.25,Afternoon,Weekday,Low,Rain,1.49,12.8,9.8005
209,8.88,Night,Weekend,High,Clear,1.85,88.21,59.96039999999999
210,27.89,Afternoon,Weekend,Low,Clear,0.65,97.69,31.3844
211,34.9,Afternoon,Weekend,Medium,Clear,0.85,38.29,44.1375
213,11.99,Evening,Weekend,Medium,Rain,1.74,54.06,40.839400000000005
215,12.63,Morning,Weekday,Low,Clear,1.12,102.2,66.10159999999999
216,16.94,Morning,Weekend,Low,Clear,0.63,65.42,25.662
217,37.58,Afternoon,Weekday,Low,Snow,1.16,84.52,86.22719999999998
218,32.83,Afternoon,Weekend,Medium,Clear,0.85,106.59,58.9648
219,42.61,Morning,Weekday,Low,Rain,0.94,62.01,72.86829999999999
220,33.22,Night,Weekend,Low,Clear,1.66,41.02,70.5816
221,28.85,Morning,Weekday,High,Clear,0.61,91.67,63.9534
222,5.59,Afternoon,Weekday,High,Clear,1.22,30.31,17.147599999999997
223,19.02,Night,Weekday,Low,Clear,1.14,49.68,43.9748
224,13.99,Afternoon,Weekday,Low,Clear,1.39,104.56,69.9337
225,130.80900130744172,Afternoon,Weekday,High,Clear,0.63,88.31,328.8717691378544
226,48.68,Afternoon,Weekday,Low,Rain,1.01,51.44,58.9584
227,20.26,Morning,Weekday,Low,Rain,0.63,29.7,23.0728
229,31.93,Afternoon,Weekday,Medium,Clear,1.71,37.67,71.4247
230,39.95,Evening,Weekend,Low,Clear,1.19,25.25,59.828
231,25.63,Morning,Weekday,High,Clear,0.84,61.86,39.066
232,29.27,Morning,Weekend,Medium,Rain,1.9,33.99,62.982
233,25.13,Morning,Weekend,Medium,Rain,1.02,57.23,53.2792
234,25.83,Afternoon,Weekday,Low,Clear,0.74,49.37,18.7636
235,36.4,Afternoon,Weekday,Medium,Clear,1.34,117.94,94.105
236,14.76,Evening,Weekend,Medium,Clear,1.92,49.98,55.71979999999999
237,2.19,Afternoon,Weekday,Medium,Clear,0.51,14.2,6.472899999999999
238,32.63,Night,Weekday,Medium,Clear,0.86,15.33,35.8539
239,9.68,Morning,Weekday,Medium,Clear,1.91,72.94,31.341
240,47.08,Evening,Weekend,High,Rain,0.76,73.93,65.587
241,47.74,Evening,Weekday,High,Clear,0.67,53.16,44.733
242,45.83,Evening,Weekday,Medium,Clear,1.36,54.66,88.1462
243,19.14,Evening,Weekend,Low,Snow,1.79,11.2,41.6946
244,1.76,Evening,Weekend,Low,Clear,1.22,64.4,23.3132
245,46.49,Afternoon,Weekday,Low,Clear,1.99,63.05,118.0321
246,21.98,Morning,Weekday,Medium,Clear,1.52,22.2,41.2036
247,48.37,Morning,Weekend,Medium,Clear,0.61,61.86,41.2217
248,48.22,Night,Weekday,Medium,Clear,1.99,19.21,105.144
249,42.8,Afternoon,Weekday,High,Rain,1.11,16.62,57.55120000000001
250,15.43,Evening,Weekday,High,Clear,0.93,75.12,29.0991
251,19.87,Afternoon,Weekend,High,Clear,1.34,27.6,41.5138
252,42.71,Morning,Weekday,Low,Clear,1.22,33.91,48.4081
253,16.53,Morning,Weekend,Medium,Clear,0.63,24.96,21.4931
254,9.31,Afternoon,Weekend,Low,Rain,0.5,115.15,32.415000000000006
255,28.28,Afternoon,Weekday,Low,Rain,1.17,103.28,77.5496
256,46.87,Morning,Weekday,Low,Clear,1.76,31.51,92.6832
257,35.11,Afternoon,Weekday,Low,Rain,1.36,42.67,70.2411
258,28.93,Morning,Weekday,Medium,Clear,2.0,29.14,74.5744
259,5.76,Afternoon,Weekday,High,Snow,0.93,61.57,19.3694
260,31.14,Afternoon,Weekend,Low,Clear,0.92,7.26,35.4798
265,37.3,Morning,Weekday,Low,Snow,1.86,97.47,107.7025
266,35.15,Afternoon,Weekday,Medium,Rain,1.22,96.08,91.8308
267,116.196063616616,Afternoon,Weekend,Medium,Clear,0.85,19.63,206.69956969976877
268,139.06223019422194,Afternoon,Weekday,Low,Rain,1.82,50.83,276.84059674137075
269,25.83,Morning,Weekday,Low,Clear,0.99,24.57,29.5584
270,40.66,Afternoon,Weekday,Medium,Clear,0.67,34.29,41.4292
271,40.7,Evening,Weekday,Low,Clear,1.81,35.27,91.2296
272,43.49,Evening,Weekday,Low,Clear,1.45,68.97,79.6245
273,45.75,Morning,Weekday,Medium,Rain,0.75,52.31,50.5038
276,40.12,Morning,Weekend,High,Clear,1.61,116.97,96.546
277,32.85,Night,Weekday,Medium,Clear,1.18,31.52,54.4414
278,35.4,Morning,Weekday,Low,Clear,1.98,93.88,117.7468
279,39.99,Afternoon,Weekday,High,Clear,0.58,43.98,39.538
280,44.61,Afternoon,Weekday,Low,Clear,1.03,21.45,55.9143
281,17.56,Evening,Weekday,Low,Clear,1.22,103.66,36.0458
282,25.83,Afternoon,Weekday,Low,Clear,1.25,40.52,46.274
283,5.61,Afternoon,Weekday,High,Clear,0.97,61.86,16.6464
284,29.34,Afternoon,Weekday,High,Clear,1.59,70.14,82.3678
286,23.81,Morning,Weekend,Medium,Rain,1.91,62.02,63.1719
287,100.38042000901908,Afternoon,Weekday,Medium,Rain,1.22,89.21,329.9130039401465
288,15.04,Morning,Weekday,Low,Clear,1.78,15.09,33.4311
289,29.95,Morning,Weekday,High,Clear,1.33,81.84,69.47070000000001
290,2.49,Afternoon,Weekday,Low,Clear,1.74,108.02,41.699
291,2.83,Morning,Weekday,Low,Snow,0.96,11.65,8.920300000000001
292,41.31,Afternoon,Weekday,Medium,Clear,1.1,21.18,56.05960000000001
293,18.65,Afternoon,Weekday,Medium,Clear,0.98,87.41,54.49459999999999
294,7.23,Evening,Weekday,Low,Clear,1.2,55.29,33.7491
295,26.59,Morning,Weekday,Medium,Clear,0.93,51.41,34.2597
296,38.73,Morning,Weekday,Medium,Clear,1.94,20.75,87.29869999999998
297,11.58,Morning,Weekday,Low,Rain,0.97,63.28,26.9202
298,31.52,Afternoon,Weekday,Low,Clear,0.65,19.55,29.0925
299,5.18,Evening,Weekday,Medium,Clear,1.29,59.81,21.7323
300,3.53,Morning,Weekend,Low,Clear,0.59,92.82,16.1211
301,27.04,Night,Weekday,High,Clear,0.67,61.86,25.6218
302,145.74705994904548,Morning,Weekday,High,Rain,0.83,60.29,325.0989498083767
303,32.23,Afternoon,Weekday,High,Clear,1.2,119.08,70.5144
304,36.58,Evening,Weekend,Low,Rain,1.15,83.96,57.791
305,48.82,Evening,Weekday,High,Clear,1.7,101.76,99.5104
306,26.3,Evening,Weekday,Medium,Clear,1.61,52.71,65.9299
307,16.82,Evening,Weekday,Low,Snow,1.14,93.3,65.1668
308,39.96,Afternoon,Weekday,Low,Clear,1.0,9.66,45.782
309,14.27,Evening,Weekday,Low,Rain,0.97,19.13,19.1962
310,22.51,Morning,Weekday,Low,Clear,1.66,28.35,45.2531
311,4.84,Evening,Weekday,Medium,Rain,0.58,51.22,13.9136
312,2.24,Afternoon,Weekday,Low,Clear,0.52,102.26,19.9412
313,48.17,Evening,Weekend,Medium,Clear,1.69,44.82,96.3487
314,41.96,Afternoon,Weekend,Low,Rain,1.22,80.28,68.65440000000001
315,35.1,Afternoon,Weekday,Low,Rain,0.7,86.57,53.5767
316,21.04,Afternoon,Weekday,Low,Rain,0.85,72.41,34.726
317,9.49,Evening,Weekday,High,Rain,1.9,46.08,43.8894
318,8.67,Morning,Weekday,High,Rain,1.79,71.36,53.1349
319,13.26,Morning,Weekday,Medium,Clear,1.56,44.36,38.814400000000006
320,27.91,Morning,Weekend,Low,Clear,1.22,61.86,42.0962
321,36.02,Morning,Weekend,Low,Clear,1.28,119.17,79.2381
322,33.35,Evening,Weekday,High,Clear,1.96,19.63,74.59979999999999
323,14.72,Morning,Weekday,Low,Clear,1.95,13.32,38.0988
324,47.79,Afternoon,Weekend,Low,Clear,0.82,106.03,71.3962
325,37.16,Afternoon,Weekend,Low,Clear,1.72,39.71,84.4676
326,28.16,Morning,Weekend,Low,Clear,0.8,79.78,64.7324
327,25.83,Evening,Weekday,Medium,Clear,0.82,42.84,37.4586
329,13.14,Afternoon,Weekday,Low,Clear,1.11,35.14,23.105000000000004
330,18.44,Afternoon,Weekday,Low,Rain,1.9,44.45,48.027
331,38.13,Afternoon,Weekday,High,Rain,0.63,52.23,41.544
332,1.71,Morning,Weekday,High,Clear,1.27,87.85,22.4347
333,6.69,Night,Weekday,Low,Clear,1.88,61.86,44.6007
334,3.25,Night,Weekday,Medium,Clear,1.86,61.86,28.5966
335,3.0,Afternoon,Weekday,Low,Clear,0.73,9.82,8.729600000000001
336,42.92,Morning,Weekday,High,Clear,1.05,62.85,71.095
337,35.48,Afternoon,Weekday,Low,Clear,1.43,72.19,81.39859999999999
338,116.66768073006573,Morning,Weekday,High,Clear,0.74,110.82,248.29520891209057
339,5.79,Morning,Weekday,Medium,Clear,1.95,10.65,19.973
340,25.09,Morning,Weekend,Medium,Snow,1.87,70.95,73.5818
341,24.2,Afternoon,Weekday,Low,Snow,0.75,103.17,49.4676
342,9.49,Evening,Weekday,Medium,Clear,0.68,32.82,12.9998
343,22.26,Evening,Weekday,Medium,Clear,0.63,105.77,46.7471
344,25.83,Evening,Weekday,Low,Clear,1.86,7.19,45.89750000000001
345,31.18,Afternoon,Weekday,Medium,Clear,0.79,89.23,58.5727
346,32.12,Afternoon,Weekday,High,Rain,1.12,112.31,86.89770000000001
347,3.22,Afternoon,Weekday,Medium,Clear,1.17,80.58,32.151399999999995
348,19.36,Night,Weekday,Medium,Rain,1.4,55.49,38.3875
349,31.67,Morning,Weekday,Low,Clear,1.22,10.16,23.9563
350,25.65,Evening,Weekday,Medium,Snow,0.84,110.81,48.4142
351,42.97,Afternoon,Weekend,Low,Clear,1.9,59.08,108.9734
352,33.28,Afternoon,Weekday,Medium,Rain,1.86,8.33,69.9494
353,8.98,Evening,Weekday,High,Clear,1.67,84.33,38.1392
354,4.46,Afternoon,Weekend,Medium,Clear,0.53,60.41,23.7068
355,32.48,Evening,Weekday,Low,Clear,0.99,19.3,41.65619999999999
356,2.3,Night,Weekend,Low,Clear,1.44,29.64,13.4484
357,25.83,Afternoon,Weekday,Medium,Rain,0.91,12.42,31.4168
358,47.07,Morning,Weekday,Medium,Rain,1.86,71.04,100.2662
359,29.2,Afternoon,Weekday,High,Rain,1.45,76.53,59.87539999999999
360,20.02,Night,Weekday,High,Clear,0.61,63.16,23.1614
361,32.52,Morning,Weekday,Medium,Rain,1.86,98.97,81.85180000000001
362,23.45,Afternoon,Weekday,Low,Clear,1.94,104.02,57.915
363,27.74,Afternoon,Weekday,Low,Clear,0.62,75.8,46.9988
364,47.13,Evening,Weekday,Low,Clear,1.3,6.47,66.90710000000001
365,19.92,Morning,Weekday,Low,Clear,0.96,84.95,64.0787
366,25.83,Evening,Weekday,Medium,Clear,1.09,61.86,66.1816
367,45.36,Night,Weekday,Medium,Clear,0.77,70.04,54.436800000000005
368,10.59,Morning,Weekday,Medium,Clear,1.22,79.64,38.0619
369,4.4,Morning,Weekend,Low,Rain,1.94,45.28,16.834
370,5.94,Night,Weekday,Low,Clear,1.25,110.47,58.6618
371,1.89,Morning,Weekend,Low,Clear,0.62,20.41,6.1269
372,5.63,Evening,Weekday,Low,Clear,1.43,82.22,51.39649999999999
373,34.47,Afternoon,Weekday,High,Clear,1.01,5.5,41.834700000000005
374,4.49,Morning,Weekday,Low,Clear,1.78,111.33,45.75449999999999
375,16.63,Evening,Weekday,Medium,Clear,1.15,17.94,27.6353
376,42.4,Afternoon,Weekday,Low,Clear,0.79,15.91,43.823600000000006
377,2.14,Afternoon,Weekend,High,Clear,0.79,43.3,16.525599999999997
378,40.91,Afternoon,Weekday,Medium,Clear,1.65,47.96,88.1071
379,14.81,Afternoon,Weekend,Low,Rain,0.9,29.64,20.3458
380,6.79,Morning,Weekend,Medium,Clear,1.65,72.29,22.4883
381,35.14,Afternoon,Weekend,Medium,Clear,0.81,55.94,48.006600000000006
382,31.82,Afternoon,Weekend,High,Rain,0.98,8.93,37.1212
383,44.0,Morning,Weekday,Low,Clear,1.2,41.76,76.9996
384,37.02,Afternoon,Weekday,High,Clear,1.91,61.86,87.89620000000001
385,40.37,Afternoon,Weekday,High,Rain,1.9,84.32,116.42059999999998
386,14.82,Evening,Weekday,High,Clear,0.81,88.36,31.609
387,9.69,Morning,Weekday,Medium,Clear,1.04,85.28,37.0004
388,37.78,Night,Weekend,Medium,Clear,0.72,40.76,40.9764
389,40.53,Afternoon,Weekday,Medium,Clear,1.26,16.46,58.6974
390,49.53,Morning,Weekday,Medium,Clear,1.19,36.33,68.9135
391,21.22,Morning,Weekday,Medium,Clear,1.85,100.66,73.21499999999999
392,19.23,Morning,Weekday,Medium,Clear,1.9,117.75,89.472
393,39.04,Afternoon,Weekday,Medium,Clear,1.08,61.79,62.0444
394,17.7,Afternoon,Weekend,Medium,Clear,1.24,6.12,27.174
395,46.61,Evening,Weekday,High,Clear,1.84,21.11,97.7908
396,43.06,Afternoon,Weekday,Low,Clear,1.71,42.04,94.3478
398,37.79,Afternoon,Weekday,Medium,Clear,0.98,13.64,44.6222
399,37.97,Evening,Weekday,High,Rain,1.13,113.49,97.57659999999998
400,6.05,Morning,Weekday,Medium,Clear,0.84,46.98,24.4754
401,25.83,Morning,Weekday,Low,Clear,0.8,109.95,60.7045
402,25.76,Morning,Weekday,High,Clear,0.56,94.76,36.7152
403,41.5,Evening,Weekday,Low,Clear,1.47,91.88,102.72459999999998
404,25.83,Afternoon,Weekday,High,Rain,0.89,74.77,26.1176
405,44.88,Afternoon,Weekday,Medium,Clear,0.58,77.08,68.4404
406,20.07,Evening,Weekday,Medium,Snow,0.85,78.37,32.155
408,45.36,Afternoon,Weekend,Medium,Rain,1.78,68.68,101.2576
409,5.47,Afternoon,Weekday,Low,Clear,1.22,118.44,44.69539999999999
410,104.37179088913676,Afternoon,Weekday,Low,Rain,1.12,89.21,206.50865196831717
411,47.55,Morning,Weekday,Low,Clear,1.97,94.35,123.928
412,47.58,Morning,Weekday,Low,Clear,0.8,105.33,74.8463
413,29.1,Morning,Weekday,High,Clear,0.82,29.8,30.698
414,31.96,Afternoon,Weekday,High,Clear,0.94,14.64,35.0564
415,22.97,Night,Weekend,Low,Rain,0.76,60.53,31.8132
416,15.37,Morning,Weekday,Low,Clear,1.07,64.12,45.1203
417,25.83,Morning,Weekday,Low,Clear,1.87,100.36,51.031000000000006
418,33.95,Afternoon,Weekday,Medium,Rain,1.42,61.86,59.475
419,37.87,Night,Weekday,High,Clear,1.22,70.65,64.5434
420,39.79,Afternoon,Weekday,High,Snow,1.9,61.86,101.5506
421,39.69,Afternoon,Weekday,Medium,Rain,0.57,61.86,31.0915
422,5.47,Morning,Weekend,Medium,Clear,0.82,75.75,19.8829
423,25.23,Morning,Weekday,Low,Rain,1.35,100.22,51.0291
424,25.83,Night,Weekday,High,Clear,1.42,23.11,19.2572
425,27.93,Night,Weekend,Low,Clear,0.56,73.35,34.4608
427,44.5,Night,Weekend,Medium,Clear,1.47,23.88,80.18099999999998
428,25.83,Afternoon,Weekday,Medium,Rain,1.55,19.2,39.9065
429,6.74,Evening,Weekend,Low,Rain,1.46,117.71,34.5311
430,8.01,Afternoon,Weekday,High,Clear,0.98,50.28,31.7102
431,38.31,Afternoon,Weekend,Low,Clear,0.64,31.15,40.2799
432,31.29,Afternoon,Weekend,Medium,Snow,1.14,24.7,46.8086
433,5.96,Afternoon,Weekday,Low,Clear,0.69,81.77,27.8795
434,5.12,Morning,Weekend,Low,Clear,1.92,75.09,28.7693
435,35.35,Morning,Weekday,Medium,Clear,1.21,79.01,58.825
436,4.57,Afternoon,Weekday,Medium,Rain,0.98,15.12,13.0646
437,41.27,Evening,Weekday,Low,Clear,1.65,107.76,106.2963
438,25.83,Morning,Weekday,Low,Rain,1.25,49.77,59.1773
439,25.83,Afternoon,Weekday,Medium,Clear,0.97,41.04,19.5819
440,5.16,Night,Weekday,Medium,Clear,1.72,58.17,26.6477
441,49.35,Morning,Weekday,Low,Clear,1.8,49.86,109.4796
442,19.34,Afternoon,Weekend,Low,Clear,1.51,104.31,79.24600000000001
443,19.16,Afternoon,Weekend,Low,Clear,0.57,111.87,34.5791
444,40.83,Evening,Weekday,Low,Rain,1.35,39.9,69.99549999999999
445,47.42,Morning,Weekday,Low,Rain,1.64,104.35,97.4848
446,25.83,Afternoon,Weekday,Medium,Clear,0.7,94.88,70.745
447,37.92,Evening,Weekday,Medium,Rain,0.84,112.04,77.56840000000001
448,19.44,Night,Weekday,Low,Clear,1.82,33.26,55.053
450,39.08,Afternoon,Weekday,Low,Clear,1.63,36.57,83.694
451,28.36,Afternoon,Weekend,High,Clear,1.21,99.77,49.7657
452,21.79,Evening,Weekday,High,Clear,1.17,5.61,31.7717
453,45.41,Afternoon,Weekday,Low,Clear,0.51,69.95,35.4031
454,6.45,Morning,Weekday,Low,Clear,1.73,44.01,33.5331
455,25.14,Night,Weekday,High,Rain,1.04,42.11,43.069700000000005
456,1.56,Afternoon,Weekday,High,Clear,1.31,79.16,34.2628
457,23.96,Afternoon,Weekday,Low,Clear,1.52,102.92,83.7848
458,3.76,Morning,Weekday,Low,Clear,1.55,75.06,22.1476
459,6.82,Afternoon,Weekday,Low,Clear,1.93,103.11,29.965799999999994
460,6.76,Afternoon,Weekend,Medium,Clear,1.3,35.43,27.9315
461,32.81,Afternoon,Weekend,Low,Clear,1.22,64.74,55.82120000000001
462,37.56,Morning,Weekday,Low,Clear,1.93,56.81,84.23230000000001
463,29.59,Afternoon,Weekday,Medium,Rain,1.46,6.34,49.36
464,48.15,Night,Weekday,Low,Clear,0.95,69.03,72.6627
465,19.37,Morning,Weekday,Medium,Clear,0.69,81.08,26.9741
466,15.0,Night,Weekday,Low,Snow,1.76,73.07,46.46469999999999
467,43.56,Afternoon,Weekday,Low,Rain,1.04,89.67,57.426100000000005
468,11.96,Evening,Weekday,Medium,Snow,1.49,70.7,41.71940000000001
469,48.2,Afternoon,Weekday,Low,Clear,1.21,12.68,68.63480000000001
470,25.83,Afternoon,Weekday,High,Clear,0.8,18.39,14.6611
471,48.52,Evening,Weekend,Medium,Clear,1.4,73.59,96.2845
472,3.11,Evening,Weekend,Low,Clear,0.59,36.62,12.1141
473,44.67,Afternoon,Weekend,Medium,Rain,1.12,14.16,61.09400000000001
474,26.86,Afternoon,Weekday,Low,Clear,1.32,54.4,55.1892
475,49.66,Afternoon,Weekend,High,Clear,1.15,68.75,72.969
476,25.83,Evening,Weekday,Low,Clear,1.62,42.81,29.7551
477,28.14,Evening,Weekend,Medium,Clear,1.22,87.85,86.5536
478,48.5,Evening,Weekday,Low,Clear,1.66,79.03,114.9417
479,26.63,Afternoon,Weekend,Medium,Clear,0.56,43.27,35.08540000000001
480,31.84,Evening,Weekday,High,Snow,0.79,91.81,45.6194
481,107.78683195771164,Morning,Weekend,High,Clear,1.3,79.6,322.7259960920446
482,23.27,Afternoon,Weekend,Low,Clear,1.9,78.31,78.85079999999999
483,31.75,Morning,Weekday,Low,Rain,1.75,68.64,70.7341
484,29.63,Afternoon,Weekday,High,Clear,1.76,6.31,56.345600000000005
485,45.16,Afternoon,Weekend,High,Clear,1.22,85.1,79.833
486,3.23,Afternoon,Weekday,Low,Rain,1.14,48.24,27.1606
487,14.77,Afternoon,Weekend,Medium,Clear,1.21,113.4,54.42370000000001
488,47.57,Afternoon,Weekday,Low,Rain,0.74,99.07,80.81119999999999
489,44.62,Afternoon,Weekday,High,Rain,0.55,72.58,60.9462
490,23.33,Morning,Weekday,Low,Snow,1.92,34.0,59.0736
491,31.39,Afternoon,Weekday,Low,Clear,0.86,28.43,36.0271
492,14.59,Morning,Weekend,Medium,Clear,0.86,44.14,25.1968
493,10.22,Morning,Weekday,Low,Clear,0.63,59.81,23.694900000000004
494,23.72,Afternoon,Weekday,Medium,Clear,1.89,39.05,52.9083
495,18.31,Afternoon,Weekday,Medium,Rain,1.37,64.22,42.6209
496,29.6,Afternoon,Weekday,Low,Clear,1.5,24.02,52.2336
497,4.81,Afternoon,Weekend,Low,Clear,1.87,117.44,46.1779
498,48.75,Afternoon,Weekend,Medium,Rain,1.02,17.41,61.1936
499,49.32,Evening,Weekday,Low,Clear,1.43,112.17,88.6814
500,35.21,Afternoon,Weekend,Medium,Clear,0.56,110.06,66.581
501,27.27,Afternoon,Weekend,High,Clear,0.78,65.42,47.996
502,16.17,Afternoon,Weekday,Medium,Rain,1.75,61.86,45.28790000000001
503,40.88,Afternoon,Weekend,Low,Clear,1.65,55.15,97.2125
504,34.55,Afternoon,Weekday,Low,Rain,1.03,61.86,63.615
505,8.97,Afternoon,Weekday,Low,Clear,1.07,44.17,25.5304
506,45.64,Afternoon,Weekend,Low,Rain,1.3,39.63,78.744
507,41.3,Afternoon,Weekday,Medium,Rain,1.22,71.5,37.17
508,47.54,Afternoon,Weekend,Medium,Clear,0.86,61.86,68.4308
509,36.56,Evening,Weekend,Low,Clear,0.81,61.86,40.9716
510,31.06,Evening,Weekday,Low,Clear,0.88,37.97,48.4496
511,21.49,Evening,Weekend,Low,Rain,1.71,47.2,54.4139
512,46.7,Night,Weekday,Medium,Clear,1.22,14.65,53.0315
513,43.44,Morning,Weekday,Low,Clear,0.79,11.01,39.9195
514,3.22,Morning,Weekday,Low,Clear,1.22,34.15,20.0527
515,2.29,Morning,Weekend,Low,Clear,1.8,13.54,13.9334
516,19.45,Afternoon,Weekday,High,Clear,0.86,16.93,24.0367
517,40.72,Evening,Weekday,High,Clear,0.62,98.49,63.3579
518,49.38,Morning,Weekday,Low,Clear,1.03,9.47,57.153000000000006
519,8.37,Night,Weekend,Low,Rain,1.62,80.78,52.9882
520,30.11,Morning,Weekday,Medium,Clear,1.33,36.34,54.1983
521,19.66,Night,Weekday,Low,Clear,1.73,105.23,84.873
522,48.53,Afternoon,Weekday,Medium,Snow,1.94,60.77,124.2416
523,42.26,Morning,Weekday,High,Rain,1.69,40.14,84.1558
524,42.08,Afternoon,Weekend,Medium,Rain,1.41,64.53,73.86349999999999
525,23.97,Morning,Weekday,High,Clear,1.24,48.93,45.2346
526,21.33,Morning,Weekday,Low,Clear,0.56,69.89,46.61750000000001
527,14.4,Afternoon,Weekend,Low,Clear,1.98,18.17,34.3543
528,3.76,Evening,Weekday,Medium,Rain,1.08,119.65,45.31230000000001
529,43.37,Afternoon,Weekend,Low,Clear,0.73,53.94,56.61489999999999
530,40.83,Afternoon,Weekday,Medium,Clear,1.5,45.05,75.92699999999999
531,49.99,Afternoon,Weekend,Low,Clear,0.93,86.67,80.7619
532,139.476514583775,Evening,Weekday,Low,Clear,1.38,46.85,296.0886973121837
533,28.22,Morning,Weekday,High,Clear,1.38,100.83,55.7598
534,38.68,Afternoon,Weekend,Low,Clear,1.17,57.24,73.2164
535,47.29,Morning,Weekend,High,Clear,1.75,87.75,97.75249999999998
536,42.63,Morning,Weekend,High,Clear,1.22,17.36,46.15260000000001
537,13.12,Afternoon,Weekday,Medium,Snow,1.17,102.3,64.9824
538,23.08,Morning,Weekend,Medium,Rain,1.31,89.61,54.1212
539,7.33,Afternoon,Weekend,Medium,Rain,1.5,29.35,29.9765
540,47.75,Evening,Weekday,High,Rain,1.68,61.86,94.6379
541,30.7,Morning,Weekend,Low,Clear,1.09,41.37,44.5307
542,12.2,Afternoon,Weekend,Medium,Clear,1.47,117.25,35.284
543,33.91,Morning,Weekday,Medium,Clear,0.73,34.54,40.3595
544,31.29,Night,Weekday,Medium,Clear,1.9,57.45,79.637
545,18.55,Afternoon,Weekday,Medium,Clear,1.07,61.86,25.3115
546,6.56,Evening,Weekday,Low,Clear,1.59,50.68,32.0088
547,33.91,Afternoon,Weekday,Medium,Clear,0.53,61.86,29.2693
548,26.5,Morning,Weekday,High,Clear,0.81,114.61,77.4795
549,38.84,Afternoon,Weekday,Low,Clear,1.23,64.42,62.89040000000001
550,26.49,Night,Weekday,High,Clear,1.82,99.2,66.6318
551,42.76,Afternoon,Weekday,Medium,Rain,1.29,67.92,71.5568
552,28.04,Evening,Weekend,High,Clear,1.89,9.69,61.2568
553,28.49,Evening,Weekend,Medium,Clear,1.23,41.23,53.8901
554,43.96,Morning,Weekday,Medium,Clear,1.24,71.19,88.9502
555,20.77,Morning,Weekend,Low,Clear,1.22,61.86,47.3268
556,7.57,Afternoon,Weekday,High,Clear,1.7,103.8,40.163
557,2.41,Afternoon,Weekday,Low,Clear,0.87,31.26,11.5061
558,38.0,Evening,Weekday,High,Clear,1.85,30.31,83.6299
559,31.4,Night,Weekday,Low,Clear,1.87,28.13,72.2196
560,35.5,Afternoon,Weekend,Low,Rain,1.91,111.09,109.89649999999996
561,11.44,Morning,Weekend,Low,Rain,1.28,103.06,38.2552
562,7.68,Evening,Weekday,Medium,Clear,1.52,94.11,60.32639999999999
563,1.71,Morning,Weekday,Low,Clear,1.67,50.16,15.1029
564,18.18,Evening,Weekday,High,Rain,0.7,63.0,46.316
565,29.91,Afternoon,Weekday,Low,Clear,1.4,58.4,52.678
566,20.22,Afternoon,Weekday,Low,Clear,0.55,34.14,24.4816
567,22.44,Morning,Weekday,High,Clear,1.25,63.08,45.5584
568,45.3,Afternoon,Weekend,Medium,Rain,0.73,8.51,37.7718
569,18.06,Afternoon,Weekend,High,Clear,0.77,20.16,23.279
570,26.19,Afternoon,Weekday,Low,Clear,1.05,106.96,61.2287
571,39.4,Afternoon,Weekend,Medium,Rain,1.15,91.44,72.9188
572,20.43,Evening,Weekday,Medium,Clear,1.43,53.63,52.6406
573,31.48,Evening,Weekday,Medium,Clear,0.61,64.47,46.4367
574,43.26,Morning,Weekday,Medium,Snow,1.26,47.55,77.8741
575,47.53,Morning,Weekday,Medium,Clear,0.77,90.19,56.7461
576,8.21,Morning,Weekend,Medium,Clear,1.36,95.18,46.49680000000001
577,46.4,Afternoon,Weekday,Low,Clear,1.46,92.78,101.9914
578,25.11,Afternoon,Weekday,Medium,Clear,1.34,88.1,59.3324
580,23.5,Morning,Weekday,Medium,Clear,1.0,43.87,36.9301
581,49.02,Afternoon,Weekend,Low,Clear,1.65,59.03,95.2278
582,25.14,Afternoon,Weekday,Medium,Rain,1.15,43.04,40.2186
583,17.11,Afternoon,Weekday,Medium,Clear,1.23,91.82,36.6701
584,25.83,Night,Weekday,Low,Clear,1.47,42.88,65.6944
585,12.77,Morning,Weekday,Low,Clear,0.53,20.9,17.662100000000002
586,4.72,Afternoon,Weekday,Low,Rain,1.48,50.89,35.6928
587,7.32,Afternoon,Weekday,Medium,Clear,1.43,117.69,58.9867
588,122.82019097975328,Afternoon,Weekday,High,Clear,0.96,30.98,247.5983178992313
589,8.44,Evening,Weekend,Low,Clear,0.63,75.4,41.30720000000001
590,7.8,Afternoon,Weekend,Medium,Clear,0.64,61.86,32.9075
591,32.4,Night,Weekend,Low,Clear,1.88,13.17,68.9296
592,9.91,Morning,Weekday,Medium,Rain,1.53,61.11,38.348600000000005
593,17.94,Morning,Weekday,High,Clear,0.69,85.75,58.0861
594,44.94,Evening,Weekday,Low,Clear,1.04,64.02,69.1938
595,24.22,Afternoon,Weekend,Medium,Clear,1.39,61.86,86.3292
596,33.71,Morning,Weekday,Low,Rain,1.75,38.23,66.1224
597,9.44,Morning,Weekday,Low,Clear,0.57,14.92,12.6264
598,10.42,Morning,Weekday,Low,Clear,0.85,112.71,43.0058
599,3.0,Evening,Weekday,Low,Clear,1.83,48.49,26.111700000000003
600,9.28,Morning,Weekday,Medium,Clear,0.51,71.29,38.447500000000005
601,14.65,Afternoon,Weekday,Medium,Clear,0.8,96.08,63.93
602,9.67,Morning,Weekend,Medium,Clear,1.94,42.3,32.7178
603,5.35,Afternoon,Weekday,Low,Clear,1.42,87.36,22.8002
604,6.91,Morning,Weekday,Low,Clear,0.89,20.57,17.1693
605,23.58,Afternoon,Weekday,Medium,Clear,0.6,38.5,29.778
606,11.11,Morning,Weekday,Low,Clear,0.54,21.64,13.3746
607,18.85,Afternoon,Weekday,Low,Clear,0.87,98.29,48.1365
608,25.67,Morning,Weekend,High,Clear,1.82,30.6,61.54940000000001
609,34.83,Afternoon,Weekday,Medium,Snow,1.12,87.5,79.71459999999999
610,2.93,Evening,Weekend,Medium,Snow,1.58,113.48,43.60339999999999
611,40.17,Afternoon,Weekday,Medium,Rain,1.88,65.69,93.1014
612,31.77,Afternoon,Weekday,Low,Clear,1.11,67.1,72.9137
613,5.01,Afternoon,Weekend,Low,Rain,0.79,58.02,29.055300000000003
614,43.81,Afternoon,Weekday,Medium,Clear,1.28,42.48,69.9316
615,46.12,Afternoon,Weekday,Low,Clear,1.86,59.7,102.4302
616,138.76388715029725,Night,Weekday,High,Clear,1.71,74.32,332.0436886774302
617,14.57,Afternoon,Weekday,Medium,Clear,0.6,118.39,37.39
618,40.5,Afternoon,Weekend,Low,Rain,1.54,112.84,84.3528
619,37.66,Evening,Weekday,Medium,Clear,1.36,104.15,87.5241
620,10.04,Afternoon,Weekend,Low,Clear,1.86,107.25,44.4294
621,11.26,Morning,Weekend,Medium,Rain,0.68,58.8,30.5768
622,19.15,Afternoon,Weekday,Medium,Clear,1.3,80.61,38.9965
623,24.74,Night,Weekend,High,Clear,1.82,107.93,88.8816
625,19.08,Afternoon,Weekend,Medium,Clear,1.22,115.6,39.1976
626,23.66,Morning,Weekday,Medium,Clear,0.61,52.82,25.8856
627,37.63,Afternoon,Weekday,High,Clear,0.92,74.12,72.356
628,2.8,Morning,Weekday,Low,Clear,1.22,86.63,44.2055
629,13.37,Afternoon,Weekday,Low,Rain,1.92,114.32,50.2412
630,35.95,Evening,Weekday,Low,Clear,0.92,33.13,49.78730000000001
633,27.07,Evening,Weekday,Medium,Clear,0.74,35.88,31.2318
634,6.25,Night,Weekend,Medium,Snow,1.23,94.31,44.6322
635,22.92,Morning,Weekday,Low,Clear,1.61,68.51,48.11750000000001
636,27.1,Afternoon,Weekday,Medium,Clear,1.8,81.01,73.0726
637,12.88,Morning,Weekend,Low,Clear,1.44,42.13,43.9909
638,14.19,Night,Weekend,Medium,Clear,1.5,61.86,44.507000000000005
639,19.49,Night,Weekend,Medium,Rain,0.69,76.0,34.5781
641,25.83,Evening,Weekday,Low,Clear,0.7,27.81,25.3938
642,11.36,Afternoon,Weekend,Low,Clear,1.66,115.59,62.8
644,6.87,Morning,Weekday,High,Clear,1.9,89.4,60.315
645,44.64,Evening,Weekday,Medium,Rain,1.58,52.27,78.7809
646,30.09,Morning,Weekend,Low,Clear,1.63,45.84,62.6715
647,25.83,Evening,Weekday,Medium,Rain,0.83,51.82,56.2678
648,39.67,Evening,Weekday,Medium,Clear,1.16,52.06,61.871
649,25.42,Evening,Weekday,Medium,Clear,1.43,67.58,54.7066
650,5.26,Morning,Weekday,Low,Clear,1.65,67.5,33.344
651,27.32,Afternoon,Weekday,Low,Clear,0.66,62.17,48.3843
652,29.76,Morning,Weekday,Medium,Rain,1.94,20.5,62.7544
653,37.53,Afternoon,Weekday,Low,Rain,1.84,62.05,101.0292
654,22.15,Morning,Weekend,Low,Clear,0.91,24.45,32.985499999999995
655,7.25,Night,Weekday,Low,Clear,1.73,19.51,17.9592
656,14.91,Afternoon,Weekend,Medium,Clear,1.28,112.25,65.9698
657,18.79,Afternoon,Weekend,High,Rain,1.19,74.57,45.1726
659,28.97,Afternoon,Weekday,Medium,Clear,1.37,51.21,65.195
660,18.45,Afternoon,Weekday,Medium,Clear,1.59,109.53,85.4652
661,49.34,Afternoon,Weekend,Low,Clear,1.12,78.36,69.91480000000001
662,30.68,Night,Weekday,Medium,Clear,1.44,93.45,72.16069999999999
663,12.62,Afternoon,Weekday,Low,Clear,1.55,47.38,36.4212
664,5.99,Night,Weekday,Medium,Clear,1.57,115.4,41.014300000000006
665,8.49,Evening,Weekday,Low,Snow,1.22,99.35,33.2317
666,13.05,Morning,Weekday,Low,Clear,1.79,103.2,38.9635
667,8.87,Night,Weekday,Low,Clear,1.19,24.8,24.6913
669,14.97,Evening,Weekday,Low,Rain,0.86,37.85,22.1172
670,9.5,Afternoon,Weekday,Low,Clear,1.22,36.15,29.2945
671,44.94,Evening,Weekday,High,Clear,1.83,103.37,129.5356
672,4.93,Evening,Weekend,Medium,Clear,1.07,8.67,9.9494
673,26.7,Evening,Weekday,Medium,Clear,1.62,13.75,50.789
674,21.11,Evening,Weekend,High,Clear,0.65,36.5,30.4015
675,49.14,Afternoon,Weekday,High,Rain,1.21,27.99,69.1972
677,20.49,Afternoon,Weekday,High,Clear,1.66,96.76,74.2598
678,48.5,Morning,Weekday,Low,Clear,0.82,61.86,50.7312
679,43.41,Afternoon,Weekday,Low,Rain,1.25,5.66,58.0149
680,41.04,Afternoon,Weekday,Medium,Clear,0.85,54.37,44.101
681,13.64,Night,Weekend,Medium,Rain,1.11,51.91,26.076
682,9.37,Afternoon,Weekday,Medium,Clear,1.67,18.1,20.3509
683,33.76,Evening,Weekday,Low,Rain,1.66,82.76,102.3316
684,46.54,Morning,Weekday,Low,Rain,0.84,85.74,60.0264
685,28.28,Evening,Weekday,Medium,Rain,1.88,87.9,71.6404
686,29.01,Afternoon,Weekday,Low,Clear,1.39,88.77,62.4379
687,14.72,Afternoon,Weekday,Medium,Clear,1.07,5.01,20.9951
688,38.71,Afternoon,Weekday,Medium,Rain,1.25,114.7,86.3545
689,10.17,Evening,Weekday,Medium,Clear,1.41,98.63,41.4372
690,16.86,Morning,Weekday,Medium,Clear,1.34,108.96,75.7144
691,21.85,Afternoon,Weekday,High,Rain,1.23,6.8,32.5735
692,25.87,Afternoon,Weekday,Low,Rain,1.26,112.39,62.7959
693,12.88,Morning,Weekday,Medium,Rain,0.76,98.13,32.2622
694,6.63,Afternoon,Weekend,Medium,Clear,1.72,101.28,40.8036
695,30.92,Morning,Weekday,Low,Rain,1.31,15.73,46.5931
696,15.14,Morning,Weekday,Low,Rain,0.7,89.96,46.61319999999999
697,29.48,Morning,Weekday,Low,Clear,1.65,115.39,78.5578
698,8.56,Night,Weekend,Medium,Clear,1.22,83.03,46.2939
699,24.58,Afternoon,Weekend,Medium,Clear,1.92,70.61,58.59289999999999
700,27.1,Afternoon,Weekday,High,Clear,1.05,113.75,53.040000000000006
701,3.54,Afternoon,Weekend,Low,Snow,0.7,55.94,20.2324
702,17.49,Afternoon,Weekday,Low,Clear,1.28,73.92,61.8896
703,7.59,Afternoon,Weekday,High,Clear,0.67,59.78,23.9803
704,4.11,Afternoon,Weekend,Low,Snow,1.9,112.28,51.6226
705,49.51,Morning,Weekend,Medium,Clear,0.78,13.75,46.207800000000006
706,16.8,Afternoon,Weekday,Medium,Rain,0.88,62.63,26.9585
707,40.68,Morning,Weekday,Low,Clear,1.11,84.0,58.2448
708,13.48,Afternoon,Weekday,Low,Rain,1.07,96.07,38.769
709,34.39,Afternoon,Weekday,Low,Clear,1.69,72.05,71.7971
710,38.25,Morning,Weekday,Low,Rain,1.18,109.53,67.24510000000001
711,30.19,Morning,Weekday,Medium,Clear,0.76,113.33,70.6464
712,24.11,Evening,Weekday,Medium,Clear,0.9,12.4,26.263
713,21.18,Afternoon,Weekday,Low,Rain,1.26,51.27,46.1432
714,18.09,Morning,Weekday,Medium,Clear,0.72,7.7,19.2698
715,46.55,Night,Weekday,High,Clear,1.42,42.88,83.375
716,41.7,Afternoon,Weekday,Low,Clear,1.35,66.74,80.7792
717,48.29,Afternoon,Weekend,Medium,Rain,1.57,109.74,104.1555
718,7.09,Night,Weekend,Low,Clear,1.91,102.35,39.1789
719,36.81,Morning,Weekday,Low,Clear,1.87,19.66,78.95210000000002
720,46.98,Morning,Weekend,Low,Clear,1.92,15.7,101.6666
721,9.88,Morning,Weekend,Medium,Clear,0.87,72.77,25.8142
722,4.26,Afternoon,Weekend,Low,Clear,0.7,66.19,14.8186
723,37.31,Morning,Weekday,High,Clear,0.95,35.63,54.9343
724,29.15,Afternoon,Weekday,Medium,Clear,1.84,108.44,81.9816
725,25.83,Morning,Weekday,Medium,Clear,1.96,111.65,122.418
726,7.85,Afternoon,Weekday,Low,Clear,1.22,51.3,28.7235
727,39.97,Night,Weekday,Medium,Rain,0.67,107.38,47.846900000000005
728,10.88,Evening,Weekday,Medium,Clear,1.92,61.86,41.9406
730,9.05,Afternoon,Weekend,Medium,Clear,0.51,59.73,19.1069
731,40.91,Afternoon,Weekday,Medium,Clear,1.16,19.1,57.53359999999999
732,33.59,Afternoon,Weekday,Low,Rain,0.57,111.71,69.7245
733,26.63,Afternoon,Weekend,High,Clear,1.22,57.22,57.1264
734,25.83,Morning,Weekend,Low,Clear,1.22,89.47,34.4316
735,43.98,Evening,Weekend,Low,Clear,1.21,47.22,72.8562
736,20.23,Afternoon,Weekend,Low,Clear,1.42,7.17,35.3812
737,41.01,Morning,Weekday,Medium,Clear,1.8,16.56,84.7232
739,19.47,Afternoon,Weekday,Low,Clear,1.15,84.35,40.56649999999999
740,23.67,Evening,Weekday,Medium,Snow,1.73,43.49,62.2353
741,15.77,Evening,Weekday,Low,Clear,1.86,61.86,63.0548
742,37.63,Evening,Weekday,Medium,Clear,0.68,85.34,38.6058
743,25.63,Morning,Weekday,Medium,Rain,1.3,85.95,59.886
744,12.38,Afternoon,Weekday,Medium,Rain,0.93,61.64,29.9606
745,45.08,Afternoon,Weekend,High,Clear,0.57,110.21,70.29329999999999
746,19.81,Morning,Weekday,Low,Rain,1.5,61.26,43.8544
747,101.0397035425727,Afternoon,Weekday,Low,Rain,1.79,56.78,283.6452005933156
748,45.42,Evening,Weekend,Medium,Clear,0.74,27.93,50.89789999999999
749,31.59,Morning,Weekday,High,Clear,1.72,40.38,73.5544
750,6.73,Afternoon,Weekday,Low,Clear,1.78,9.87,20.0083
751,47.05,Morning,Weekday,Low,Snow,1.87,77.86,128.6549
752,31.76,Morning,Weekday,Low,Clear,0.9,33.58,34.952
754,7.82,Night,Weekend,Low,Rain,0.98,93.64,36.1464
755,39.91,Evening,Weekday,Medium,Clear,1.33,42.63,75.4875
756,31.38,Night,Weekday,High,Clear,0.58,32.85,28.6304
757,27.14,Afternoon,Weekend,Medium,Clear,0.57,24.44,31.4354
758,44.8,Morning,Weekend,Low,Clear,1.58,94.11,108.2325
759,39.64,Afternoon,Weekday,Medium,Rain,1.17,19.92,57.3952
761,16.27,Evening,Weekday,High,Rain,0.79,61.86,28.164300000000004
762,13.18,Morning,Weekday,Medium,Clear,1.5,84.05,55.86
763,37.45,Afternoon,Weekday,Low,Clear,0.5,77.83,32.2063
764,2.64,Morning,Weekday,Medium,Snow,1.71,98.23,51.2833
765,28.92,Afternoon,Weekend,Medium,Clear,0.62,10.15,22.5469
766,38.36,Evening,Weekday,Medium,Clear,0.79,39.09,49.3168
767,43.96,Afternoon,Weekday,Low,Clear,1.08,37.22,59.0718
768,17.76,Afternoon,Weekday,Low,Rain,1.22,21.79,32.1634
769,41.24,Afternoon,Weekday,High,Clear,1.03,38.26,60.92600000000001
770,25.83,Afternoon,Weekday,Medium,Clear,0.98,61.86,19.0904
771,42.48,Evening,Weekday,High,Clear,1.95,65.02,96.7288
772,7.25,Afternoon,Weekend,Low,Clear,1.46,81.33,23.3579
773,20.47,Night,Weekday,Medium,Rain,1.22,48.83,31.306
774,25.83,Evening,Weekday,Medium,Clear,1.15,87.74,77.0499
775,8.35,Afternoon,Weekday,Medium,Clear,1.81,43.66,36.5375
776,12.23,Afternoon,Weekday,Medium,Clear,0.95,38.38,25.9025
777,36.39,Afternoon,Weekday,Low,Clear,0.64,67.24,44.5344
778,36.28,Afternoon,Weekday,Low,Rain,1.64,7.73,66.039
779,32.42,Evening,Weekday,Low,Clear,1.41,14.18,49.852
780,35.0,Morning,Weekday,Low,Snow,1.36,53.07,64.2861
781,27.59,Night,Weekend,Medium,Clear,0.58,113.43,75.27289999999999
782,13.34,Afternoon,Weekend,Low,Clear,0.71,87.97,53.3479
783,17.94,Afternoon,Weekday,Low,Rain,1.43,15.13,33.2741
784,9.9,Afternoon,Weekend,Medium,Clear,0.81,102.33,45.4312
785,45.51,Evening,Weekday,Medium,Rain,1.26,89.21,100.305
786,29.59,Afternoon,Weekend,High,Snow,1.32,75.26,64.73160000000001
787,20.64,Afternoon,Weekday,Medium,Clear,0.93,99.33,33.4215
789,47.42,Afternoon,Weekend,High,Rain,1.22,30.47,95.9602
790,8.51,Morning,Weekday,Medium,Clear,1.58,63.88,47.177
791,29.73,Evening,Weekend,Low,Clear,1.22,68.12,47.488200000000006
792,25.79,Afternoon,Weekday,Medium,Clear,0.66,66.91,30.5797
793,30.96,Afternoon,Weekday,High,Clear,1.24,69.98,53.9468
794,1.89,Morning,Weekday,Low,Clear,0.74,114.1,52.77959999999999
795,43.73,Morning,Weekday,Low,Clear,1.97,108.76,138.6425
796,25.83,Evening,Weekday,Low,Clear,0.74,105.71,74.58429999999998
797,108.14699381139414,Morning,Weekday,Low,Clear,1.22,97.16,239.17140732641303
798,35.14,Morning,Weekend,Medium,Clear,1.05,113.49,53.550900000000006
799,46.2,Morning,Weekday,Medium,Clear,1.46,16.33,77.40390000000001
800,35.65,Night,Weekend,Low,Rain,0.69,35.49,43.8543
801,8.47,Evening,Weekend,High,Clear,1.15,61.93,25.4565
802,29.24,Afternoon,Weekend,Medium,Rain,0.91,61.86,68.9614
803,30.73,Morning,Weekend,Medium,Rain,1.83,63.09,72.553
804,21.78,Afternoon,Weekday,Low,Clear,0.56,91.02,26.2692
805,37.09,Evening,Weekend,Low,Clear,1.87,61.86,76.46470000000001
806,46.78,Afternoon,Weekend,Medium,Clear,1.75,34.03,90.7801
807,46.35,Morning,Weekday,Medium,Clear,0.95,89.15,68.52850000000001
808,23.09,Morning,Weekday,High,Rain,1.68,23.94,48.835
809,6.55,Morning,Weekend,Medium,Rain,0.55,45.41,21.6555
810,49.26,Afternoon,Weekday,Low,Clear,1.95,35.46,109.4304
811,42.11,Evening,Weekday,High,Clear,1.29,45.23,67.3902
812,7.11,Morning,Weekday,Low,Rain,0.95,86.46,20.2751
813,25.83,Morning,Weekday,High,Snow,1.04,61.86,66.85679999999999
814,43.62,Morning,Weekday,High,Clear,0.6,68.86,46.90559999999999
815,26.42,Night,Weekend,Low,Clear,1.98,16.49,60.7394
816,29.97,Morning,Weekday,Medium,Clear,0.56,97.58,64.86420000000001
817,20.55,Evening,Weekday,Low,Snow,1.48,47.54,53.16
818,3.68,Afternoon,Weekday,Medium,Clear,1.16,79.58,43.224
819,17.42,Afternoon,Weekday,Medium,Clear,1.92,88.42,62.0624
820,40.34,Morning,Weekend,Medium,Clear,0.87,29.11,43.31230000000001
821,1.23,Morning,Weekday,Low,Clear,1.3,106.74,45.6902
822,25.83,Afternoon,Weekday,Medium,Clear,1.22,75.87,38.4514
823,20.51,Evening,Weekday,Medium,Snow,1.55,54.3,50.07450000000001
824,27.33,Afternoon,Weekday,High,Clear,0.6,25.97,22.0141
825,46.07,Afternoon,Weekend,High,Clear,0.79,113.36,87.7201
826,17.97,Morning,Weekend,Low,Clear,0.82,91.83,33.3599
827,18.0,Night,Weekday,Low,Clear,1.61,28.92,45.513200000000005
828,37.14,Evening,Weekday,Low,Clear,0.78,43.84,52.0972
829,23.16,Morning,Weekday,High,Clear,1.36,98.11,62.1095
830,25.83,Night,Weekday,Low,Clear,0.82,85.0,45.9582
831,23.17,Afternoon,Weekday,Low,Clear,1.79,93.07,78.1988
832,7.9,Afternoon,Weekday,Medium,Clear,1.91,55.74,42.1098
833,9.64,Evening,Weekday,Medium,Clear,1.28,87.39,39.4645
834,25.42,Evening,Weekday,Low,Snow,1.03,49.45,49.1871
835,126.54762829842768,Afternoon,Weekend,Low,Clear,0.85,29.3,224.9146628555729
836,45.83,Morning,Weekend,Medium,Clear,0.57,61.86,65.9479
837,18.76,Afternoon,Weekday,High,Clear,0.9,117.24,53.4536
839,25.83,Morning,Weekday,Low,Clear,1.3,58.01,68.2181
840,1.64,Afternoon,Weekday,Medium,Rain,1.92,82.51,41.3681
841,33.51,Afternoon,Weekend,Low,Rain,1.09,67.27,61.9923
842,9.72,Afternoon,Weekend,High,Clear,1.54,101.99,36.2571
843,48.09,Afternoon,Weekend,High,Clear,1.23,92.6,90.4747
844,8.28,Night,Weekday,Medium,Snow,1.27,11.7,19.4986
845,25.83,Morning,Weekday,Low,Clear,0.9,119.82,69.336
846,25.83,Morning,Weekend,Medium,Clear,1.18,91.53,47.375
847,49.85,Morning,Weekday,Medium,Clear,1.21,104.35,76.737
848,25.61,Evening,Weekday,High,Clear,1.56,79.89,66.9097
849,30.17,Afternoon,Weekday,Medium,Clear,1.91,103.47,99.0039
850,4.29,Morning,Weekday,Medium,Rain,0.99,17.92,13.9727
851,37.75,Evening,Weekday,Medium,Snow,0.56,44.99,30.0888
852,11.29,Evening,Weekday,Medium,Clear,1.22,105.79,62.6572
853,45.0,Evening,Weekend,High,Clear,1.32,28.19,72.13080000000001
854,11.05,Night,Weekday,Medium,Clear,0.75,14.0,15.5675
855,10.34,Morning,Weekday,Medium,Clear,1.64,95.63,43.8625
856,2.79,Evening,Weekday,Low,Clear,1.98,101.08,30.371
857,24.13,Afternoon,Weekday,Low,Snow,1.92,23.71,57.0497
858,28.68,Evening,Weekday,Medium,Rain,1.22,103.25,40.174
859,4.22,Evening,Weekday,Low,Clear,1.81,83.98,25.095
860,39.0,Evening,Weekend,Low,Clear,1.56,64.81,90.8983
861,23.21,Afternoon,Weekday,Medium,Clear,1.18,100.48,45.85979999999999
862,26.7,Morning,Weekend,Medium,Clear,1.31,53.21,47.8069
863,22.6,Afternoon,Weekday,Medium,Clear,1.77,27.31,51.058800000000005
864,20.64,Night,Weekday,Low,Clear,1.22,37.76,40.2564
865,28.42,Night,Weekday,Medium,Snow,1.06,63.09,59.74210000000001
866,8.61,Morning,Weekday,Low,Clear,1.24,66.1,32.2544
867,9.91,Morning,Weekend,Medium,Clear,1.22,97.64,57.075500000000005
868,43.23,Morning,Weekday,Low,Rain,0.78,96.01,70.8329
869,47.36,Evening,Weekday,Low,Clear,1.85,71.86,102.885
870,19.29,Evening,Weekend,Low,Clear,1.51,94.79,48.2843
872,25.83,Afternoon,Weekday,Low,Clear,0.65,10.76,28.7716
873,21.03,Evening,Weekday,Low,Clear,1.41,105.47,76.5803
874,2.24,Evening,Weekend,Medium,Clear,0.68,13.69,8.6709
875,8.65,Afternoon,Weekday,Medium,Rain,0.62,33.37,16.1592
876,36.08,Afternoon,Weekday,Low,Clear,1.29,84.96,65.2064
877,33.29,Afternoon,Weekday,High,Clear,1.1,52.09,50.996100000000006
878,2.33,Morning,Weekday,Low,Rain,1.38,105.78,43.0228
879,11.88,Afternoon,Weekday,Medium,Clear,0.63,39.27,22.7573
880,12.32,Afternoon,Weekday,Low,Clear,1.15,6.37,19.9427
881,33.92,Evening,Weekend,Low,Clear,0.76,39.58,36.09780000000001
882,1.97,Afternoon,Weekday,Medium,Clear,1.98,71.48,32.428200000000004
883,6.1,Evening,Weekday,Medium,Clear,1.34,48.23,32.1352
884,40.2,Morning,Weekday,High,Clear,1.53,66.51,78.18800000000002
885,9.75,Afternoon,Weekend,Medium,Clear,0.99,105.81,45.2855
886,32.98,Morning,Weekday,High,Clear,0.64,109.94,78.64779999999999
887,12.67,Morning,Weekday,Low,Snow,1.96,35.59,37.2489
888,5.87,Evening,Weekend,Low,Clear,0.93,58.15,28.0701
890,36.39,Morning,Weekday,Low,Clear,1.47,114.15,94.5643
891,42.93,Afternoon,Weekday,Medium,Clear,0.54,119.84,43.19980000000001
893,20.46,Morning,Weekday,Low,Clear,1.3,88.6,65.232
894,33.74,Afternoon,Weekday,High,Rain,0.92,48.47,56.3682
895,11.04,Evening,Weekend,High,Clear,0.59,5.93,11.596999999999998
896,15.36,Afternoon,Weekday,Low,Clear,0.74,6.06,16.9168
897,44.92,Morning,Weekday,Low,Clear,1.84,57.97,101.8744
898,1.64,Afternoon,Weekday,Low,Clear,1.53,61.16,32.7396
899,5.19,Evening,Weekday,Low,Rain,0.87,7.6,12.7333
900,11.19,Afternoon,Weekday,Low,Clear,0.6,84.0,35.964
901,2.3,Morning,Weekend,Medium,Snow,1.54,38.81,26.4327
902,9.89,Evening,Weekday,Low,Snow,1.36,69.39,38.95910000000001
903,29.57,Afternoon,Weekday,Low,Clear,1.11,39.61,50.117900000000006
904,21.65,Evening,Weekday,High,Clear,1.05,24.22,31.6941
905,44.74,Morning,Weekday,Medium,Rain,0.83,51.82,51.1318
906,41.05,Night,Weekday,High,Snow,1.5,31.71,67.736
907,17.75,Afternoon,Weekday,Low,Clear,1.96,66.5,51.03
908,13.71,Afternoon,Weekday,Low,Clear,0.76,27.87,22.3206
909,19.6,Morning,Weekday,Medium,Clear,1.4,63.47,48.127500000000005
911,14.14,Evening,Weekday,Low,Clear,1.22,82.16,59.8622
912,31.58,Night,Weekend,Medium,Rain,0.88,91.7,54.3684
913,21.06,Afternoon,Weekend,Medium,Clear,1.74,17.7,44.7904
914,28.05,Afternoon,Weekday,Medium,Clear,1.23,58.8,45.9215
915,22.37,Evening,Weekday,Medium,Clear,1.32,13.15,34.376400000000004
916,15.43,Evening,Weekend,Medium,Clear,0.96,73.79,48.2267
917,47.47,Afternoon,Weekend,Low,Clear,1.22,35.41,52.9872
918,38.42,Afternoon,Weekday,Low,Clear,0.63,65.68,54.76660000000001
919,7.87,Afternoon,Weekday,Low,Clear,1.57,64.51,26.1975
921,24.88,Morning,Weekend,High,Clear,1.54,68.14,55.3432
922,44.83,Afternoon,Weekend,Medium,Snow,1.09,72.04,64.7223
923,40.19,Afternoon,Weekday,Medium,Clear,1.12,51.19,52.9218
924,21.84,Evening,Weekday,Low,Clear,1.2,114.14,46.639
925,2.1,Morning,Weekend,Low,Clear,1.05,94.38,25.4386
926,14.17,Afternoon,Weekend,Low,Snow,0.65,37.82,19.7235
927,27.54,Afternoon,Weekend,Low,Clear,0.96,102.08,80.7576
928,32.04,Afternoon,Weekend,Low,Clear,1.5,54.73,62.9006
929,13.64,Morning,Weekday,Medium,Rain,1.5,100.3,39.275
930,7.83,Afternoon,Weekday,Medium,Clear,0.93,99.63,29.3753
931,41.91,Afternoon,Weekday,Medium,Clear,1.19,26.72,63.7777
932,49.24,Afternoon,Weekday,Medium,Clear,0.79,85.63,54.67150000000001
933,26.76,Afternoon,Weekday,High,Clear,0.82,38.42,42.398
934,9.41,Afternoon,Weekend,Low,Clear,0.53,39.21,28.1281
935,14.34,Evening,Weekday,Low,Rain,1.85,61.86,38.035
936,1.9,Morning,Weekend,Low,Clear,0.82,88.44,29.9812
938,6.77,Afternoon,Weekend,High,Clear,0.92,5.1,10.4444
939,25.83,Morning,Weekday,Low,Rain,0.69,87.25,47.33
940,14.43,Morning,Weekday,High,Clear,1.46,24.69,29.0627
941,28.15,Afternoon,Weekday,High,Clear,0.61,17.02,22.2951
942,32.92,Evening,Weekday,Low,Clear,0.7,32.31,38.8456
943,25.83,Evening,Weekend,Low,Snow,1.47,48.69,76.48649999999999
944,11.11,Evening,Weekend,Medium,Clear,1.01,59.73,25.1652
945,1.54,Afternoon,Weekday,High,Clear,1.56,10.13,9.8718
946,7.71,Afternoon,Weekday,Low,Clear,1.22,116.62,53.726
947,45.1,Morning,Weekday,Medium,Clear,0.88,87.35,81.572
948,43.82,Afternoon,Weekday,Low,Clear,1.48,42.17,73.3691
949,30.27,Afternoon,Weekend,Medium,Clear,0.67,41.65,41.0174
950,30.43,Morning,Weekend,Medium,Clear,1.3,56.58,65.0136
951,33.59,Morning,Weekday,Medium,Clear,1.16,77.02,55.5074
952,9.59,Afternoon,Weekend,High,Clear,0.9,21.83,20.2164
953,45.81,Evening,Weekday,High,Clear,1.41,26.73,75.03649999999999
954,21.52,Night,Weekend,High,Rain,1.81,103.83,93.5096
955,19.77,Night,Weekday,Low,Clear,2.0,34.47,47.6252
956,26.43,Afternoon,Weekend,Medium,Clear,1.41,48.72,58.65549999999999
957,3.3,Afternoon,Weekend,Low,Clear,1.11,105.2,33.183
958,9.15,Afternoon,Weekday,Medium,Snow,0.84,81.26,48.8108
959,37.16,Evening,Weekend,Medium,Snow,0.89,44.3,46.3014
960,5.06,Morning,Weekday,Medium,Clear,1.22,83.63,49.11559999999999
961,25.83,Afternoon,Weekday,Medium,Clear,1.05,7.26,39.4771
962,13.02,Evening,Weekday,High,Clear,1.87,89.6,48.0134
963,20.08,Afternoon,Weekend,Low,Clear,1.05,61.86,49.5082
964,15.15,Afternoon,Weekend,Low,Clear,1.06,98.52,69.749
965,18.43,Afternoon,Weekend,Low,Clear,1.08,114.78,45.03040000000001
966,36.23,Morning,Weekend,Low,Rain,1.22,61.86,97.1094
967,15.56,Afternoon,Weekday,Low,Rain,1.48,109.57,59.2055
968,28.75,Afternoon,Weekend,High,Rain,1.42,63.9,59.68299999999999
969,24.33,Morning,Weekday,High,Clear,1.0,46.42,33.7362
970,25.83,Morning,Weekday,High,Clear,1.73,58.48,73.0708
971,46.9,Evening,Weekday,High,Clear,0.56,84.34,48.44540000000001
972,36.9,Morning,Weekend,Low,Clear,1.81,106.66,100.5938
973,11.53,Afternoon,Weekend,Low,Rain,1.27,61.86,24.4491
974,2.53,Morning,Weekday,Medium,Clear,1.1,110.59,56.688500000000005
975,13.85,Night,Weekday,Medium,Clear,1.25,98.75,59.6075
977,3.52,Afternoon,Weekday,Low,Clear,1.22,106.23,42.4232
978,25.32,Evening,Weekend,Medium,Rain,1.81,37.19,62.7976
979,30.25,Evening,Weekend,Medium,Clear,1.17,17.18,46.0189
980,17.38,Morning,Weekday,Low,Rain,1.01,17.91,23.1248
981,38.77,Evening,Weekday,Medium,Clear,0.71,38.49,38.6747
982,6.22,Afternoon,Weekend,Medium,Clear,1.16,75.63,46.6313
983,4.68,Afternoon,Weekend,Medium,Rain,1.24,97.5,53.6582
984,36.68,Morning,Weekday,Low,Clear,1.11,108.41,85.5747
985,25.28,Morning,Weekend,Medium,Snow,1.52,76.73,73.3549
986,34.73,Evening,Weekday,Low,Clear,1.13,5.65,44.88589999999999
987,22.31,Afternoon,Weekday,Low,Clear,1.94,26.43,54.6247
988,13.07,Afternoon,Weekend,Medium,Clear,1.4,16.47,24.6973
989,41.14,Evening,Weekend,Medium,Rain,1.71,46.78,82.44200000000001
990,40.17,Evening,Weekday,Low,Clear,0.66,62.66,56.6394
992,14.34,Afternoon,Weekday,Medium,Clear,1.01,45.07,30.7837
993,25.83,Morning,Weekday,Medium,Clear,1.35,25.61,55.3348
994,18.69,Evening,Weekday,Medium,Clear,1.79,79.41,51.8548
995,5.49,Afternoon,Weekend,Medium,Clear,0.62,58.39,34.4049
996,45.95,Night,Weekday,Medium,Clear,0.61,61.96,62.12950000000001
997,7.7,Morning,Weekday,Low,Rain,1.78,54.18,33.1236
998,47.56,Morning,Weekday,Low,Clear,0.82,114.94,61.209
999,22.85,Morning,Weekend,Medium,Clear,1.22,29.69,45.44370000000001
